Date,Workout Name,Exercise Name,Set Order,Weight,Reps,Distance,Seconds,Notes,Workout Notes,RPE
2020-02-03 15:55:27,"Reload (Deadlift)","Deadlift (Barbell)",1,135.0,5,0,0,"","Cycle 1, Week 1",
2020-02-03 15:55:27,"Reload (Deadlift)","Deadlift (Barbell)",2,185.00000000000003,5,0,0,,,
2020-02-03 15:55:27,"Reload (Deadlift)","Deadlift (Barbell)",3,245.00000000000003,5,0,0,,,
2020-02-03 15:55:27,"Reload (Deadlift)","Deadlift (Barbell)",4,245.00000000000003,5,0,0,,,
2020-02-03 15:55:27,"Reload (Deadlift)","Deadlift (Barbell)",5,245.00000000000003,5,0,0,,,
2020-02-03 15:55:27,"Reload (Deadlift)","Deadlift (Barbell)",6,245.00000000000003,5,0,0,,,
2020-02-03 15:55:27,"Reload (Deadlift)","Deadlift (Barbell)",7,245.00000000000003,5,0,0,,,
2020-02-03 15:55:27,"Reload (Deadlift)","Bench Press (Barbell)",1,155.0,5,0,0,"",,
2020-02-03 15:55:27,"Reload (Deadlift)","Bench Press (Barbell)",2,155.0,5,0,0,,,
2020-02-03 15:55:27,"Reload (Deadlift)","Bench Press (Barbell)",3,155.0,5,0,0,,,
2020-02-03 15:55:27,"Reload (Deadlift)","Bench Press (Barbell)",4,155.0,5,0,0,,,
2020-02-03 15:55:27,"Reload (Deadlift)","Bench Press (Barbell)",5,155.0,5,0,0,,,
2020-02-03 15:55:27,"Reload (Deadlift)","Stiff Leg Deadlift (Barbell)",1,225.0,5,0,0,"",,
2020-02-03 15:55:27,"Reload (Deadlift)","Stiff Leg Deadlift (Barbell)",2,225.0,5,0,0,,,
2020-02-03 15:55:27,"Reload (Deadlift)","Bent Over Row (Barbell)",1,165.0,5,0,0,"",,
2020-02-03 15:55:27,"Reload (Deadlift)","Bent Over Row (Barbell)",2,165.0,5,0,0,,,
2020-02-04 15:54:44,"Reload (Bench Press)","Bench Press (Barbell)",1,135.0,5,0,0,"","Cycle 1, Week 1",
2020-02-04 15:54:44,"Reload (Bench Press)","Bench Press (Barbell)",2,165.0,5,0,0,,,
2020-02-04 15:54:44,"Reload (Bench Press)","Bench Press (Barbell)",3,190.0,5,0,0,,,
2020-02-04 15:54:44,"Reload (Bench Press)","Bench Press (Barbell)",4,190.0,5,0,0,,,
2020-02-04 15:54:44,"Reload (Bench Press)","Bench Press (Barbell)",5,190.0,5,0,0,,,
2020-02-04 15:54:44,"Reload (Bench Press)","Bench Press (Barbell)",6,190.0,5,0,0,,,
2020-02-04 15:54:44,"Reload (Bench Press)","Bench Press (Barbell)",7,190.0,5,0,0,,,
2020-02-04 15:54:44,"Reload (Bench Press)","Squat (Barbell)",1,140.0,5,0,0,"",,
2020-02-04 15:54:44,"Reload (Bench Press)","Squat (Barbell)",2,140.0,5,0,0,,,
2020-02-04 15:54:44,"Reload (Bench Press)","Squat (Barbell)",3,140.0,5,0,0,,,
2020-02-04 15:54:44,"Reload (Bench Press)","Squat (Barbell)",4,140.0,5,0,0,,,
2020-02-04 15:54:44,"Reload (Bench Press)","Squat (Barbell)",5,140.0,5,0,0,,,
2020-02-04 15:54:44,"Reload (Bench Press)","Incline Bench Press (Barbell)",1,155.0,5,0,0,"",,
2020-02-04 15:54:44,"Reload (Bench Press)","Incline Bench Press (Barbell)",2,155.0,5,0,0,,,
2020-02-04 15:54:44,"Reload (Bench Press)","Cable Crunch",1,95.0,5,0,0,"3-5@4-7RM",,
2020-02-04 15:54:44,"Reload (Bench Press)","Cable Crunch",2,95.0,5,0,0,,,
2020-02-04 15:54:44,"Reload (Bench Press)","Cable Crunch",3,95.0,5,0,0,,,
2020-02-04 15:54:44,"Reload (Bench Press)","Cable Crunch",4,95.0,5,0,0,,,
2020-02-04 15:54:44,"Reload (Bench Press)","Cable Crunch",5,95.0,5,0,0,,,
2020-02-06 16:04:12,"Reload (Squat)","Squat (Barbell)",1,95.0,5,0,0,"","Cycle 1, Week 1",
2020-02-06 16:04:12,"Reload (Squat)","Squat (Barbell)",2,135.0,5,0,0,,,
2020-02-06 16:04:12,"Reload (Squat)","Squat (Barbell)",3,165.0,5,0,0,,,
2020-02-06 16:04:12,"Reload (Squat)","Squat (Barbell)",4,165.0,5,0,0,,,
2020-02-06 16:04:12,"Reload (Squat)","Squat (Barbell)",5,165.0,5,0,0,,,
2020-02-06 16:04:12,"Reload (Squat)","Squat (Barbell)",6,165.0,5,0,0,,,
2020-02-06 16:04:12,"Reload (Squat)","Squat (Barbell)",7,165.0,5,0,0,,,
2020-02-06 16:04:12,"Reload (Squat)","Overhead Press (Barbell)",1,95.0,5,0,0,"",,
2020-02-06 16:04:12,"Reload (Squat)","Overhead Press (Barbell)",2,95.0,5,0,0,,,
2020-02-06 16:04:12,"Reload (Squat)","Overhead Press (Barbell)",3,95.0,5,0,0,,,
2020-02-06 16:04:12,"Reload (Squat)","Overhead Press (Barbell)",4,95.0,5,0,0,,,
2020-02-06 16:04:12,"Reload (Squat)","Overhead Press (Barbell)",5,95.0,5,0,0,,,
2020-02-06 16:04:12,"Reload (Squat)","Front Squat (Barbell)",1,115.0,5,0,0,"",,
2020-02-06 16:04:12,"Reload (Squat)","Front Squat (Barbell)",2,115.0,5,0,0,,,
2020-02-06 16:04:12,"Reload (Squat)","Pull Up",1,20.0,5,0,0,"",,
2020-02-06 16:04:12,"Reload (Squat)","Pull Up",2,20.0,5,0,0,,,
2020-02-07 16:07:15,"Reload (Overhead Press)","Overhead Press (Barbell)",1,65.0,5,0,0,"","Cycle 1, Week 1",
2020-02-07 16:07:15,"Reload (Overhead Press)","Overhead Press (Barbell)",2,95.0,5,0,0,,,
2020-02-07 16:07:15,"Reload (Overhead Press)","Overhead Press (Barbell)",3,105.0,5,0,0,,,
2020-02-07 16:07:15,"Reload (Overhead Press)","Overhead Press (Barbell)",4,105.0,5,0,0,,,
2020-02-07 16:07:15,"Reload (Overhead Press)","Overhead Press (Barbell)",5,95.0,5,0,0,,,
2020-02-07 16:07:15,"Reload (Overhead Press)","Overhead Press (Barbell)",6,95.0,5,0,0,,,
2020-02-07 16:07:15,"Reload (Overhead Press)","Overhead Press (Barbell)",7,95.0,5,0,0,,,
2020-02-07 16:07:15,"Reload (Overhead Press)","Deadlift (Barbell)",1,205.0,5,0,0,"",,
2020-02-07 16:07:15,"Reload (Overhead Press)","Deadlift (Barbell)",2,205.0,5,0,0,,,
2020-02-07 16:07:15,"Reload (Overhead Press)","Deadlift (Barbell)",3,205.0,5,0,0,,,
2020-02-07 16:07:15,"Reload (Overhead Press)","Deadlift (Barbell)",4,205.0,5,0,0,,,
2020-02-07 16:07:15,"Reload (Overhead Press)","Deadlift (Barbell)",5,205.0,5,0,0,,,
2020-02-07 16:07:15,"Reload (Overhead Press)","Seated Overhead Press (Dumbbell)",1,100.0,5,0,0,"",,
2020-02-07 16:07:15,"Reload (Overhead Press)","Seated Overhead Press (Dumbbell)",2,100.0,5,0,0,,,
2020-02-07 16:07:15,"Reload (Overhead Press)","Ab Wheel",1,0,10,0,0,"",,
2020-02-07 16:07:15,"Reload (Overhead Press)","Ab Wheel",2,0,10,0,0,,,
2020-02-07 16:07:15,"Reload (Overhead Press)","Ab Wheel",3,0,10,0,0,,,
2020-02-07 16:07:15,"Reload (Overhead Press)","Ab Wheel",4,0,10,0,0,,,
2020-02-07 16:07:15,"Reload (Overhead Press)","Ab Wheel",5,0,10,0,0,,,
2020-02-10 16:08:05,"Deadlift (Cycle 1, Week 2)","Deadlift (Barbell)",1,135.0,5,0,0,"","",
2020-02-10 16:08:05,"Deadlift (Cycle 1, Week 2)","Deadlift (Barbell)",2,225.0,5,0,0,,,
2020-02-10 16:08:05,"Deadlift (Cycle 1, Week 2)","Deadlift (Barbell)",3,255.0,5,0,0,,,
2020-02-10 16:08:05,"Deadlift (Cycle 1, Week 2)","Deadlift (Barbell)",4,255.0,5,0,0,,,
2020-02-10 16:08:05,"Deadlift (Cycle 1, Week 2)","Deadlift (Barbell)",5,255.0,5,0,0,,,
2020-02-10 16:08:05,"Deadlift (Cycle 1, Week 2)","Deadlift (Barbell)",6,255.0,5,0,0,,,
2020-02-10 16:08:05,"Deadlift (Cycle 1, Week 2)","Deadlift (Barbell)",7,255.0,5,0,0,,,
2020-02-10 16:08:05,"Deadlift (Cycle 1, Week 2)","Bench Press (Barbell)",1,155.0,5,0,0,"",,
2020-02-10 16:08:05,"Deadlift (Cycle 1, Week 2)","Bench Press (Barbell)",2,155.0,5,0,0,,,
2020-02-10 16:08:05,"Deadlift (Cycle 1, Week 2)","Bench Press (Barbell)",3,155.0,5,0,0,,,
2020-02-10 16:08:05,"Deadlift (Cycle 1, Week 2)","Bench Press (Barbell)",4,155.0,5,0,0,,,
2020-02-10 16:08:05,"Deadlift (Cycle 1, Week 2)","Bench Press (Barbell)",5,155.0,5,0,0,,,
2020-02-10 16:08:05,"Deadlift (Cycle 1, Week 2)","Stiff Leg Deadlift (Barbell)",1,225.0,6,0,0,"",,
2020-02-10 16:08:05,"Deadlift (Cycle 1, Week 2)","Stiff Leg Deadlift (Barbell)",2,225.0,6,0,0,,,
2020-02-10 16:08:05,"Deadlift (Cycle 1, Week 2)","Bent Over Row (Barbell)",1,165.0,6,0,0,"",,
2020-02-10 16:08:05,"Deadlift (Cycle 1, Week 2)","Bent Over Row (Barbell)",2,165.0,6,0,0,,,
2020-02-11 15:38:30,"Bench Press (Cycle 1, Week 2)","Bench Press (Barbell)",1,135.0,5,0,0,"","",
2020-02-11 15:38:30,"Bench Press (Cycle 1, Week 2)","Bench Press (Barbell)",2,165.0,5,0,0,,,
2020-02-11 15:38:30,"Bench Press (Cycle 1, Week 2)","Bench Press (Barbell)",3,195.0,5,0,0,,,
2020-02-11 15:38:30,"Bench Press (Cycle 1, Week 2)","Bench Press (Barbell)",4,195.0,5,0,0,,,
2020-02-11 15:38:30,"Bench Press (Cycle 1, Week 2)","Bench Press (Barbell)",5,195.0,5,0,0,,,
2020-02-11 15:38:30,"Bench Press (Cycle 1, Week 2)","Bench Press (Barbell)",6,195.0,5,0,0,,,
2020-02-11 15:38:30,"Bench Press (Cycle 1, Week 2)","Bench Press (Barbell)",7,195.0,5,0,0,,,
2020-02-11 15:38:30,"Bench Press (Cycle 1, Week 2)","Squat (Barbell)",1,140.0,5,0,0,"",,
2020-02-11 15:38:30,"Bench Press (Cycle 1, Week 2)","Squat (Barbell)",2,140.0,5,0,0,,,
2020-02-11 15:38:30,"Bench Press (Cycle 1, Week 2)","Squat (Barbell)",3,140.0,5,0,0,,,
2020-02-11 15:38:30,"Bench Press (Cycle 1, Week 2)","Squat (Barbell)",4,140.0,5,0,0,,,
2020-02-11 15:38:30,"Bench Press (Cycle 1, Week 2)","Squat (Barbell)",5,140.0,5,0,0,,,
2020-02-11 15:38:30,"Bench Press (Cycle 1, Week 2)","Incline Bench Press (Barbell)",1,155.0,6,0,0,"",,
2020-02-11 15:38:30,"Bench Press (Cycle 1, Week 2)","Incline Bench Press (Barbell)",2,155.0,6,0,0,,,
2020-02-11 15:38:30,"Bench Press (Cycle 1, Week 2)","Cable Crunch",1,95.0,5,0,0,"3-5@4-7RM",,
2020-02-11 15:38:30,"Bench Press (Cycle 1, Week 2)","Cable Crunch",2,95.0,5,0,0,,,
2020-02-11 15:38:30,"Bench Press (Cycle 1, Week 2)","Cable Crunch",3,95.0,5,0,0,,,
2020-02-11 15:38:30,"Bench Press (Cycle 1, Week 2)","Cable Crunch",4,95.0,5,0,0,,,
2020-02-11 15:38:30,"Bench Press (Cycle 1, Week 2)","Cable Crunch",5,95.0,5,0,0,,,
2020-02-13 16:17:32,"Squat (Cycle 1, Week 2)","Squat (Barbell)",1,95.0,5,0,0,"","",
2020-02-13 16:17:32,"Squat (Cycle 1, Week 2)","Squat (Barbell)",2,155.0,5,0,0,,,
2020-02-13 16:17:32,"Squat (Cycle 1, Week 2)","Squat (Barbell)",3,170.0,5,0,0,,,
2020-02-13 16:17:32,"Squat (Cycle 1, Week 2)","Squat (Barbell)",4,170.0,5,0,0,,,
2020-02-13 16:17:32,"Squat (Cycle 1, Week 2)","Squat (Barbell)",5,170.0,5,0,0,,,
2020-02-13 16:17:32,"Squat (Cycle 1, Week 2)","Squat (Barbell)",6,170.0,5,0,0,,,
2020-02-13 16:17:32,"Squat (Cycle 1, Week 2)","Squat (Barbell)",7,170.0,5,0,0,,,
2020-02-13 16:17:32,"Squat (Cycle 1, Week 2)","Overhead Press (Barbell)",1,70.0,5,0,0,"",,
2020-02-13 16:17:32,"Squat (Cycle 1, Week 2)","Overhead Press (Barbell)",2,70.0,5,0,0,,,
2020-02-13 16:17:32,"Squat (Cycle 1, Week 2)","Overhead Press (Barbell)",3,70.0,5,0,0,,,
2020-02-13 16:17:32,"Squat (Cycle 1, Week 2)","Overhead Press (Barbell)",4,70.0,5,0,0,,,
2020-02-13 16:17:32,"Squat (Cycle 1, Week 2)","Overhead Press (Barbell)",5,70.0,5,0,0,,,
2020-02-13 16:17:32,"Squat (Cycle 1, Week 2)","Front Squat (Barbell)",1,115.0,6,0,0,"",,
2020-02-13 16:17:32,"Squat (Cycle 1, Week 2)","Front Squat (Barbell)",2,115.0,6,0,0,,,
2020-02-13 16:17:32,"Squat (Cycle 1, Week 2)","Pull Up",1,20.0,6,0,0,"",,
2020-02-13 16:17:32,"Squat (Cycle 1, Week 2)","Pull Up",2,20.0,6,0,0,,,
2020-02-14 15:03:36,"Overhead Press (Cycle 1, Week 2)","Overhead Press (Barbell)",1,45.0,5,0,0,"","",
2020-02-14 15:03:36,"Overhead Press (Cycle 1, Week 2)","Overhead Press (Barbell)",2,65.0,5,0,0,,,
2020-02-14 15:03:36,"Overhead Press (Cycle 1, Week 2)","Overhead Press (Barbell)",3,100.0,5,0,0,,,
2020-02-14 15:03:36,"Overhead Press (Cycle 1, Week 2)","Overhead Press (Barbell)",4,100.0,5,0,0,,,
2020-02-14 15:03:36,"Overhead Press (Cycle 1, Week 2)","Overhead Press (Barbell)",5,100.0,5,0,0,,,
2020-02-14 15:03:36,"Overhead Press (Cycle 1, Week 2)","Overhead Press (Barbell)",6,100.0,5,0,0,,,
2020-02-14 15:03:36,"Overhead Press (Cycle 1, Week 2)","Overhead Press (Barbell)",7,100.0,5,0,0,,,
2020-02-14 15:03:36,"Overhead Press (Cycle 1, Week 2)","Deadlift (Barbell)",1,205.0,5,0,0,"",,
2020-02-14 15:03:36,"Overhead Press (Cycle 1, Week 2)","Deadlift (Barbell)",2,205.0,5,0,0,,,
2020-02-14 15:03:36,"Overhead Press (Cycle 1, Week 2)","Deadlift (Barbell)",3,205.0,5,0,0,,,
2020-02-14 15:03:36,"Overhead Press (Cycle 1, Week 2)","Deadlift (Barbell)",4,205.0,5,0,0,,,
2020-02-14 15:03:36,"Overhead Press (Cycle 1, Week 2)","Deadlift (Barbell)",5,205.0,5,0,0,,,
2020-02-14 15:03:36,"Overhead Press (Cycle 1, Week 2)","Seated Overhead Press (Dumbbell)",1,100.0,6,0,0,"",,
2020-02-14 15:03:36,"Overhead Press (Cycle 1, Week 2)","Seated Overhead Press (Dumbbell)",2,100.0,6,0,0,,,
2020-02-14 15:03:36,"Overhead Press (Cycle 1, Week 2)","Ab Wheel",1,0,10,0,0,"",,
2020-02-14 15:03:36,"Overhead Press (Cycle 1, Week 2)","Ab Wheel",2,0,10,0,0,,,
2020-02-14 15:03:36,"Overhead Press (Cycle 1, Week 2)","Ab Wheel",3,0,10,0,0,,,
2020-02-14 15:03:36,"Overhead Press (Cycle 1, Week 2)","Ab Wheel",4,0,10,0,0,,,
2020-02-14 15:03:36,"Overhead Press (Cycle 1, Week 2)","Ab Wheel",5,0,10,0,0,,,
2020-02-17 15:49:17,"Deadlift (Cycle 1, Week 3)","Deadlift (Barbell)",1,135.0,5,0,0,"","",
2020-02-17 15:49:17,"Deadlift (Cycle 1, Week 3)","Deadlift (Barbell)",2,225.0,5,0,0,,,
2020-02-17 15:49:17,"Deadlift (Cycle 1, Week 3)","Deadlift (Barbell)",3,265.0,5,0,0,,,
2020-02-17 15:49:17,"Deadlift (Cycle 1, Week 3)","Deadlift (Barbell)",4,265.0,5,0,0,,,
2020-02-17 15:49:17,"Deadlift (Cycle 1, Week 3)","Deadlift (Barbell)",5,265.0,5,0,0,,,
2020-02-17 15:49:17,"Deadlift (Cycle 1, Week 3)","Deadlift (Barbell)",6,265.0,5,0,0,,,
2020-02-17 15:49:17,"Deadlift (Cycle 1, Week 3)","Deadlift (Barbell)",7,265.0,5,0,0,,,
2020-02-17 15:49:17,"Deadlift (Cycle 1, Week 3)","Bench Press (Barbell)",1,155.0,5,0,0,"",,
2020-02-17 15:49:17,"Deadlift (Cycle 1, Week 3)","Bench Press (Barbell)",2,155.0,5,0,0,,,
2020-02-17 15:49:17,"Deadlift (Cycle 1, Week 3)","Bench Press (Barbell)",3,155.0,5,0,0,,,
2020-02-17 15:49:17,"Deadlift (Cycle 1, Week 3)","Bench Press (Barbell)",4,155.0,5,0,0,,,
2020-02-17 15:49:17,"Deadlift (Cycle 1, Week 3)","Bench Press (Barbell)",5,155.0,5,0,0,,,
2020-02-17 15:49:17,"Deadlift (Cycle 1, Week 3)","Stiff Leg Deadlift (Barbell)",1,225.0,5,0,0,"",,
2020-02-17 15:49:17,"Deadlift (Cycle 1, Week 3)","Stiff Leg Deadlift (Barbell)",2,225.0,5,0,0,,,
2020-02-17 15:49:17,"Deadlift (Cycle 1, Week 3)","Stiff Leg Deadlift (Barbell)",3,225.0,5,0,0,,,
2020-02-17 15:49:17,"Deadlift (Cycle 1, Week 3)","Bent Over Row (Barbell)",1,165.0,3,0,0,"",,
2020-02-17 15:49:17,"Deadlift (Cycle 1, Week 3)","Bent Over Row (Barbell)",2,165.0,3,0,0,,,
2020-02-17 15:49:17,"Deadlift (Cycle 1, Week 3)","Bent Over Row (Barbell)",3,165.0,3,0,0,,,
2020-03-16 15:37:39,"Reload (Deadlift)","Deadlift (Barbell)",1,135.0,5,0,0,"","(Cycle 2, Week 1)",
2020-03-16 15:37:39,"Reload (Deadlift)","Deadlift (Barbell)",2,225.0,5,0,0,,,
2020-03-16 15:37:39,"Reload (Deadlift)","Deadlift (Barbell)",3,225.0,5,0,0,,,
2020-03-16 15:37:39,"Reload (Deadlift)","Deadlift (Barbell)",4,225.0,5,0,0,,,
2020-03-16 15:37:39,"Reload (Deadlift)","Deadlift (Barbell)",5,225.0,5,0,0,,,
2020-03-16 15:37:39,"Reload (Deadlift)","Deadlift (Barbell)",6,225.0,5,0,0,,,
2020-03-16 15:37:39,"Reload (Deadlift)","Deadlift (Barbell)",7,225.0,5,0,0,,,
2020-03-16 15:37:39,"Reload (Deadlift)","Bench Press (Barbell)",1,155.0,5,0,0,"",,
2020-03-16 15:37:39,"Reload (Deadlift)","Bench Press (Barbell)",2,155.0,5,0,0,,,
2020-03-16 15:37:39,"Reload (Deadlift)","Bench Press (Barbell)",3,155.0,5,0,0,,,
2020-03-16 15:37:39,"Reload (Deadlift)","Bench Press (Barbell)",4,155.0,5,0,0,,,
2020-03-16 15:37:39,"Reload (Deadlift)","Bench Press (Barbell)",5,155.0,5,0,0,,,
2020-03-16 15:37:39,"Reload (Deadlift)","Stiff Leg Deadlift (Barbell)",1,225.0,5,0,0,"",,
2020-03-16 15:37:39,"Reload (Deadlift)","Stiff Leg Deadlift (Barbell)",2,225.0,5,0,0,,,
2020-03-16 15:37:39,"Reload (Deadlift)","Stiff Leg Deadlift (Barbell)",3,225.0,5,0,0,,,
2020-03-16 15:37:39,"Reload (Deadlift)","Bent Over Row (Barbell)",1,165.0,5,0,0,"",,
2020-03-16 15:37:39,"Reload (Deadlift)","Bent Over Row (Barbell)",2,165.0,5,0,0,,,
2020-03-16 15:37:39,"Reload (Deadlift)","Bent Over Row (Barbell)",3,165.0,5,0,0,,,
2020-03-17 15:13:32,"Reload (Bench Press)","Bench Press (Barbell)",1,135.0,5,0,0,"","Cycle 2, Week 1",
2020-03-17 15:13:32,"Reload (Bench Press)","Bench Press (Barbell)",2,165.0,5,0,0,,,
2020-03-17 15:13:32,"Reload (Bench Press)","Bench Press (Barbell)",3,185.00000000000003,5,0,0,,,
2020-03-17 15:13:32,"Reload (Bench Press)","Bench Press (Barbell)",4,185.00000000000003,5,0,0,,,
2020-03-17 15:13:32,"Reload (Bench Press)","Bench Press (Barbell)",5,185.00000000000003,5,0,0,,,
2020-03-17 15:13:32,"Reload (Bench Press)","Bench Press (Barbell)",6,185.00000000000003,5,0,0,,,
2020-03-17 15:13:32,"Reload (Bench Press)","Bench Press (Barbell)",7,185.00000000000003,5,0,0,,,
2020-03-17 15:13:32,"Reload (Bench Press)","Squat (Barbell)",1,135.0,5,0,0,"",,
2020-03-17 15:13:32,"Reload (Bench Press)","Squat (Barbell)",2,135.0,5,0,0,,,
2020-03-17 15:13:32,"Reload (Bench Press)","Squat (Barbell)",3,135.0,5,0,0,,,
2020-03-17 15:13:32,"Reload (Bench Press)","Squat (Barbell)",4,135.0,5,0,0,,,
2020-03-17 15:13:32,"Reload (Bench Press)","Squat (Barbell)",5,135.0,5,0,0,,,
2020-03-17 15:13:32,"Reload (Bench Press)","Incline Bench Press (Barbell)",1,135.0,5,0,0,"",,
2020-03-17 15:13:32,"Reload (Bench Press)","Incline Bench Press (Barbell)",2,135.0,5,0,0,,,
2020-03-17 15:13:32,"Reload (Bench Press)","Cable Crunch",1,95.0,5,0,0,"3-5@4-7RM",,
2020-03-17 15:13:32,"Reload (Bench Press)","Cable Crunch",2,95.0,5,0,0,,,
2020-03-17 15:13:32,"Reload (Bench Press)","Cable Crunch",3,95.0,5,0,0,,,
2020-03-17 15:13:32,"Reload (Bench Press)","Cable Crunch",4,95.0,5,0,0,,,
2020-03-17 15:13:32,"Reload (Bench Press)","Cable Crunch",5,95.0,5,0,0,,,
2020-03-19 16:19:24,"Reload (Squat)","Squat (Barbell)",1,95.0,5,0,0,"","",
2020-03-19 16:19:24,"Reload (Squat)","Squat (Barbell)",2,155.0,5,0,0,,,
2020-03-19 16:19:24,"Reload (Squat)","Squat (Barbell)",3,165.0,5,0,0,,,
2020-03-19 16:19:24,"Reload (Squat)","Squat (Barbell)",4,165.0,5,0,0,,,
2020-03-19 16:19:24,"Reload (Squat)","Squat (Barbell)",5,165.0,5,0,0,,,
2020-03-19 16:19:24,"Reload (Squat)","Squat (Barbell)",6,165.0,5,0,0,,,
2020-03-19 16:19:24,"Reload (Squat)","Squat (Barbell)",7,165.0,5,0,0,,,
2020-03-19 16:19:24,"Reload (Squat)","Overhead Press (Barbell)",1,65.0,5,0,0,"",,
2020-03-19 16:19:24,"Reload (Squat)","Overhead Press (Barbell)",2,65.0,5,0,0,,,
2020-03-19 16:19:24,"Reload (Squat)","Overhead Press (Barbell)",3,65.0,5,0,0,,,
2020-03-19 16:19:24,"Reload (Squat)","Overhead Press (Barbell)",4,65.0,5,0,0,,,
2020-03-19 16:19:24,"Reload (Squat)","Overhead Press (Barbell)",5,65.0,5,0,0,,,
2020-03-19 16:19:24,"Reload (Squat)","Front Squat (Barbell)",1,95.0,5,0,0,"",,
2020-03-19 16:19:24,"Reload (Squat)","Front Squat (Barbell)",2,95.0,5,0,0,,,
2020-03-19 16:19:24,"Reload (Squat)","Pull Up",1,0.0,10,0,0,"",,
2020-03-19 16:19:24,"Reload (Squat)","Pull Up",2,0.0,10,0,0,,,
2020-03-20 16:07:37,"Reload (Overhead Press)","Overhead Press (Barbell)",1,45.0,5,0,0,"","",
2020-03-20 16:07:37,"Reload (Overhead Press)","Overhead Press (Barbell)",2,65.0,5,0,0,,,
2020-03-20 16:07:37,"Reload (Overhead Press)","Overhead Press (Barbell)",3,85.0,5,0,0,,,
2020-03-20 16:07:37,"Reload (Overhead Press)","Overhead Press (Barbell)",4,85.0,5,0,0,,,
2020-03-20 16:07:37,"Reload (Overhead Press)","Overhead Press (Barbell)",5,85.0,5,0,0,,,
2020-03-20 16:07:37,"Reload (Overhead Press)","Overhead Press (Barbell)",6,85.0,5,0,0,,,
2020-03-20 16:07:37,"Reload (Overhead Press)","Overhead Press (Barbell)",7,85.0,5,0,0,,,
2020-03-20 16:07:37,"Reload (Overhead Press)","Deadlift (Barbell)",1,205.0,5,0,0,"",,
2020-03-20 16:07:37,"Reload (Overhead Press)","Deadlift (Barbell)",2,205.0,5,0,0,,,
2020-03-20 16:07:37,"Reload (Overhead Press)","Deadlift (Barbell)",3,205.0,5,0,0,,,
2020-03-20 16:07:37,"Reload (Overhead Press)","Deadlift (Barbell)",4,205.0,5,0,0,,,
2020-03-20 16:07:37,"Reload (Overhead Press)","Deadlift (Barbell)",5,205.0,5,0,0,,,
2020-03-20 16:07:37,"Reload (Overhead Press)","Seated Overhead Press (Dumbbell)",1,80.0,6,0,0,"",,
2020-03-20 16:07:37,"Reload (Overhead Press)","Seated Overhead Press (Dumbbell)",2,80.0,6,0,0,,,
2020-03-20 16:07:37,"Reload (Overhead Press)","Ab Wheel",1,0,10,0,0,"",,
2020-03-20 16:07:37,"Reload (Overhead Press)","Ab Wheel",2,0,10,0,0,,,
2020-03-20 16:07:37,"Reload (Overhead Press)","Ab Wheel",3,0,10,0,0,,,
2020-03-20 16:07:37,"Reload (Overhead Press)","Ab Wheel",4,0,10,0,0,,,
2020-03-20 16:07:37,"Reload (Overhead Press)","Ab Wheel",5,0,10,0,0,,,
2020-03-23 15:46:00,"Reload (Deadlift)","Deadlift (Barbell)",1,135.0,5,0,0,"","",
2020-03-23 15:46:00,"Reload (Deadlift)","Deadlift (Barbell)",2,225.0,5,0,0,,,
2020-03-23 15:46:00,"Reload (Deadlift)","Deadlift (Barbell)",3,245.00000000000003,5,0,0,,,
2020-03-23 15:46:00,"Reload (Deadlift)","Deadlift (Barbell)",4,245.00000000000003,5,0,0,,,
2020-03-23 15:46:00,"Reload (Deadlift)","Deadlift (Barbell)",5,245.00000000000003,5,0,0,,,
2020-03-23 15:46:00,"Reload (Deadlift)","Deadlift (Barbell)",6,245.00000000000003,5,0,0,,,
2020-03-23 15:46:00,"Reload (Deadlift)","Deadlift (Barbell)",7,245.00000000000003,5,0,0,,,
2020-03-23 15:46:00,"Reload (Deadlift)","Bench Press (Barbell)",1,155.0,5,0,0,"",,
2020-03-23 15:46:00,"Reload (Deadlift)","Bench Press (Barbell)",2,155.0,5,0,0,,,
2020-03-23 15:46:00,"Reload (Deadlift)","Bench Press (Barbell)",3,155.0,5,0,0,,,
2020-03-23 15:46:00,"Reload (Deadlift)","Bench Press (Barbell)",4,155.0,5,0,0,,,
2020-03-23 15:46:00,"Reload (Deadlift)","Bench Press (Barbell)",5,155.0,5,0,0,,,
2020-03-23 15:46:00,"Reload (Deadlift)","Stiff Leg Deadlift (Barbell)",1,225.0,5,0,0,"",,
2020-03-23 15:46:00,"Reload (Deadlift)","Stiff Leg Deadlift (Barbell)",2,225.0,5,0,0,,,
2020-03-23 15:46:00,"Reload (Deadlift)","Bent Over Row (Barbell)",1,165.0,5,0,0,"",,
2020-03-23 15:46:00,"Reload (Deadlift)","Bent Over Row (Barbell)",2,165.0,3,0,0,,,
2020-03-24 16:18:22,"Reload (Bench Press)","Bench Press (Barbell)",1,135.0,5,0,0,"","",
2020-03-24 16:18:22,"Reload (Bench Press)","Bench Press (Barbell)",2,165.0,5,0,0,,,
2020-03-24 16:18:22,"Reload (Bench Press)","Bench Press (Barbell)",3,190.0,5,0,0,,,
2020-03-24 16:18:22,"Reload (Bench Press)","Bench Press (Barbell)",4,190.0,5,0,0,,,
2020-03-24 16:18:22,"Reload (Bench Press)","Bench Press (Barbell)",5,190.0,5,0,0,,,
2020-03-24 16:18:22,"Reload (Bench Press)","Bench Press (Barbell)",6,190.0,5,0,0,,,
2020-03-24 16:18:22,"Reload (Bench Press)","Bench Press (Barbell)",7,190.0,5,0,0,,,
2020-03-24 16:18:22,"Reload (Bench Press)","Squat (Barbell)",1,140.0,5,0,0,"",,
2020-03-24 16:18:22,"Reload (Bench Press)","Squat (Barbell)",2,140.0,5,0,0,,,
2020-03-24 16:18:22,"Reload (Bench Press)","Squat (Barbell)",3,140.0,5,0,0,,,
2020-03-24 16:18:22,"Reload (Bench Press)","Squat (Barbell)",4,140.0,5,0,0,,,
2020-03-24 16:18:22,"Reload (Bench Press)","Squat (Barbell)",5,140.0,5,0,0,,,
2020-03-24 16:18:22,"Reload (Bench Press)","Incline Bench Press (Barbell)",1,155.0,5,0,0,"",,
2020-03-24 16:18:22,"Reload (Bench Press)","Incline Bench Press (Barbell)",2,155.0,5,0,0,,,
2020-03-24 16:18:22,"Reload (Bench Press)","Cable Crunch",1,95.0,5,0,0,"3-5@4-7RM",,
2020-03-24 16:18:22,"Reload (Bench Press)","Cable Crunch",2,95.0,5,0,0,,,
2020-03-24 16:18:22,"Reload (Bench Press)","Cable Crunch",3,95.0,5,0,0,,,
2020-03-24 16:18:22,"Reload (Bench Press)","Cable Crunch",4,95.0,5,0,0,,,
2020-03-24 16:18:22,"Reload (Bench Press)","Cable Crunch",5,95.0,5,0,0,,,
2020-03-26 16:25:40,"Reload (Squat)","Squat (Barbell)",1,95.0,5,0,0,"","",
2020-03-26 16:25:40,"Reload (Squat)","Squat (Barbell)",2,135.0,5,0,0,,,
2020-03-26 16:25:40,"Reload (Squat)","Squat (Barbell)",3,165.0,5,0,0,,,
2020-03-26 16:25:40,"Reload (Squat)","Squat (Barbell)",4,165.0,5,0,0,,,
2020-03-26 16:25:40,"Reload (Squat)","Squat (Barbell)",5,165.0,5,0,0,,,
2020-03-26 16:25:40,"Reload (Squat)","Squat (Barbell)",6,165.0,5,0,0,,,
2020-03-26 16:25:40,"Reload (Squat)","Squat (Barbell)",7,165.0,5,0,0,,,
2020-03-26 16:25:40,"Reload (Squat)","Overhead Press (Barbell)",1,70.0,5,0,0,"",,
2020-03-26 16:25:40,"Reload (Squat)","Overhead Press (Barbell)",2,70.0,5,0,0,,,
2020-03-26 16:25:40,"Reload (Squat)","Overhead Press (Barbell)",3,70.0,5,0,0,,,
2020-03-26 16:25:40,"Reload (Squat)","Overhead Press (Barbell)",4,70.0,5,0,0,,,
2020-03-26 16:25:40,"Reload (Squat)","Overhead Press (Barbell)",5,70.0,5,0,0,,,
2020-03-26 16:25:40,"Reload (Squat)","Front Squat (Barbell)",1,115.0,5,0,0,"",,
2020-03-26 16:25:40,"Reload (Squat)","Front Squat (Barbell)",2,115.0,5,0,0,,,
2020-03-26 16:25:40,"Reload (Squat)","Pull Up",1,20.0,5,0,0,"",,
2020-03-26 16:25:40,"Reload (Squat)","Pull Up",2,20.0,5,0,0,,,
2020-03-27 15:59:30,"Reload (Overhead Press)","Overhead Press (Barbell)",1,45.0,5,0,0,"","",
2020-03-27 15:59:30,"Reload (Overhead Press)","Overhead Press (Barbell)",2,65.0,5,0,0,,,
2020-03-27 15:59:30,"Reload (Overhead Press)","Overhead Press (Barbell)",3,80.0,5,0,0,,,
2020-03-27 15:59:30,"Reload (Overhead Press)","Overhead Press (Barbell)",4,80.0,5,0,0,,,
2020-03-27 15:59:30,"Reload (Overhead Press)","Overhead Press (Barbell)",5,80.0,5,0,0,,,
2020-03-27 15:59:30,"Reload (Overhead Press)","Overhead Press (Barbell)",6,80.0,5,0,0,,,
2020-03-27 15:59:30,"Reload (Overhead Press)","Overhead Press (Barbell)",7,80.0,5,0,0,,,
2020-03-27 15:59:30,"Reload (Overhead Press)","Deadlift (Barbell)",1,205.0,5,0,0,"",,
2020-03-27 15:59:30,"Reload (Overhead Press)","Deadlift (Barbell)",2,205.0,5,0,0,,,
2020-03-27 15:59:30,"Reload (Overhead Press)","Deadlift (Barbell)",3,205.0,5,0,0,,,
2020-03-27 15:59:30,"Reload (Overhead Press)","Deadlift (Barbell)",4,205.0,5,0,0,,,
2020-03-27 15:59:30,"Reload (Overhead Press)","Deadlift (Barbell)",5,205.0,5,0,0,,,
2020-03-27 15:59:30,"Reload (Overhead Press)","Seated Overhead Press (Dumbbell)",1,100.0,5,0,0,"",,
2020-03-27 15:59:30,"Reload (Overhead Press)","Seated Overhead Press (Dumbbell)",2,100.0,5,0,0,,,
2020-03-27 15:59:30,"Reload (Overhead Press)","Ab Wheel",1,0,10,0,0,"",,
2020-03-27 15:59:30,"Reload (Overhead Press)","Ab Wheel",2,0,10,0,0,,,
2020-03-27 15:59:30,"Reload (Overhead Press)","Ab Wheel",3,0,10,0,0,,,
2020-03-27 15:59:30,"Reload (Overhead Press)","Ab Wheel",4,0,10,0,0,,,
2020-03-27 15:59:30,"Reload (Overhead Press)","Ab Wheel",5,0,10,0,0,,,
2020-03-30 15:44:44,"Reload (Deadlift)","Deadlift (Barbell)",1,135.0,5,0,0,"","",
2020-03-30 15:44:44,"Reload (Deadlift)","Deadlift (Barbell)",2,185.00000000000003,5,0,0,,,
2020-03-30 15:44:44,"Reload (Deadlift)","Deadlift (Barbell)",3,225.0,3,0,0,,,
2020-03-30 15:44:44,"Reload (Deadlift)","Deadlift (Barbell)",4,255.0,5,0,0,,,
2020-03-30 15:44:44,"Reload (Deadlift)","Deadlift (Barbell)",5,255.0,5,0,0,,,
2020-03-30 15:44:44,"Reload (Deadlift)","Deadlift (Barbell)",6,255.0,5,0,0,,,
2020-03-30 15:44:44,"Reload (Deadlift)","Deadlift (Barbell)",7,255.0,5,0,0,,,
2020-03-30 15:44:44,"Reload (Deadlift)","Deadlift (Barbell)",8,255.0,5,0,0,,,
2020-03-30 15:44:44,"Reload (Deadlift)","Bench Press (Barbell)",1,155.0,5,0,0,"",,
2020-03-30 15:44:44,"Reload (Deadlift)","Bench Press (Barbell)",2,155.0,5,0,0,,,
2020-03-30 15:44:44,"Reload (Deadlift)","Bench Press (Barbell)",3,155.0,5,0,0,,,
2020-03-30 15:44:44,"Reload (Deadlift)","Bench Press (Barbell)",4,155.0,5,0,0,,,
2020-03-30 15:44:44,"Reload (Deadlift)","Bench Press (Barbell)",5,155.0,5,0,0,,,
2020-03-30 15:44:44,"Reload (Deadlift)","Stiff Leg Deadlift (Barbell)",1,225.0,6,0,0,"",,
2020-03-30 15:44:44,"Reload (Deadlift)","Stiff Leg Deadlift (Barbell)",2,225.0,6,0,0,,,
2020-03-30 15:44:44,"Reload (Deadlift)","Bent Over Row (Barbell)",1,165.0,6,0,0,"",,
2020-03-30 15:44:44,"Reload (Deadlift)","Bent Over Row (Barbell)",2,165.0,6,0,0,,,
2020-03-31 15:31:49,"Reload (Bench Press)","Bench Press (Barbell)",1,80.0,5,0,0,"","",
2020-03-31 15:31:49,"Reload (Bench Press)","Bench Press (Barbell)",2,120.0,5,0,0,,,
2020-03-31 15:31:49,"Reload (Bench Press)","Bench Press (Barbell)",3,160.0,3,0,0,,,
2020-03-31 15:31:49,"Reload (Bench Press)","Bench Press (Barbell)",4,195.0,5,0,0,,,
2020-03-31 15:31:49,"Reload (Bench Press)","Bench Press (Barbell)",5,195.0,5,0,0,,,
2020-03-31 15:31:49,"Reload (Bench Press)","Bench Press (Barbell)",6,195.0,5,0,0,,,
2020-03-31 15:31:49,"Reload (Bench Press)","Bench Press (Barbell)",7,195.0,5,0,0,,,
2020-03-31 15:31:49,"Reload (Bench Press)","Bench Press (Barbell)",8,195.0,5,0,0,,,
2020-03-31 15:31:49,"Reload (Bench Press)","Squat (Barbell)",1,140.0,5,0,0,"",,
2020-03-31 15:31:49,"Reload (Bench Press)","Squat (Barbell)",2,140.0,5,0,0,,,
2020-03-31 15:31:49,"Reload (Bench Press)","Squat (Barbell)",3,140.0,5,0,0,,,
2020-03-31 15:31:49,"Reload (Bench Press)","Squat (Barbell)",4,140.0,5,0,0,,,
2020-03-31 15:31:49,"Reload (Bench Press)","Squat (Barbell)",5,140.0,5,0,0,,,
2020-03-31 15:31:49,"Reload (Bench Press)","Incline Bench Press (Barbell)",1,155.0,5,0,0,"",,
2020-03-31 15:31:49,"Reload (Bench Press)","Incline Bench Press (Barbell)",2,155.0,5,0,0,,,
2020-03-31 15:31:49,"Reload (Bench Press)","Cable Crunch",1,95.0,5,0,0,"3-5@4-7RM",,
2020-03-31 15:31:49,"Reload (Bench Press)","Cable Crunch",2,95.0,5,0,0,,,
2020-03-31 15:31:49,"Reload (Bench Press)","Cable Crunch",3,95.0,5,0,0,,,
2020-03-31 15:31:49,"Reload (Bench Press)","Cable Crunch",4,95.0,5,0,0,,,
2020-03-31 15:31:49,"Reload (Bench Press)","Cable Crunch",5,95.0,5,0,0,,,
2020-04-02 16:22:05,"Reload (Squat)","Squat (Barbell)",1,70.0,5,0,0,"","",
2020-04-02 16:22:05,"Reload (Squat)","Squat (Barbell)",2,100.00000000000001,5,0,0,,,
2020-04-02 16:22:05,"Reload (Squat)","Squat (Barbell)",3,135.0,3,0,0,,,
2020-04-02 16:22:05,"Reload (Squat)","Squat (Barbell)",4,170.0,5,0,0,,,
2020-04-02 16:22:05,"Reload (Squat)","Squat (Barbell)",5,170.0,5,0,0,,,
2020-04-02 16:22:05,"Reload (Squat)","Squat (Barbell)",6,170.0,5,0,0,,,
2020-04-02 16:22:05,"Reload (Squat)","Squat (Barbell)",7,170.0,5,0,0,,,
2020-04-02 16:22:05,"Reload (Squat)","Squat (Barbell)",8,170.0,5,0,0,,,
2020-04-02 16:22:05,"Reload (Squat)","Overhead Press (Barbell)",1,70.0,5,0,0,"",,
2020-04-02 16:22:05,"Reload (Squat)","Overhead Press (Barbell)",2,70.0,5,0,0,,,
2020-04-02 16:22:05,"Reload (Squat)","Overhead Press (Barbell)",3,70.0,5,0,0,,,
2020-04-02 16:22:05,"Reload (Squat)","Overhead Press (Barbell)",4,70.0,5,0,0,,,
2020-04-02 16:22:05,"Reload (Squat)","Overhead Press (Barbell)",5,70.0,5,0,0,,,
2020-04-02 16:22:05,"Reload (Squat)","Front Squat (Barbell)",1,115.0,6,0,0,"",,
2020-04-02 16:22:05,"Reload (Squat)","Front Squat (Barbell)",2,115.0,6,0,0,,,
2020-04-02 16:22:05,"Reload (Squat)","Pull Up",1,20.0,6,0,0,"",,
2020-04-02 16:22:05,"Reload (Squat)","Pull Up",2,20.0,6,0,0,,,
2020-04-03 15:52:33,"Reload (Overhead Press)","Overhead Press (Barbell)",1,44.99999997795377,5,0,0,"","",
2020-04-03 15:52:33,"Reload (Overhead Press)","Overhead Press (Barbell)",2,50.00000000000001,5,0,0,,,
2020-04-03 15:52:33,"Reload (Overhead Press)","Overhead Press (Barbell)",3,70.0,3,0,0,,,
2020-04-03 15:52:33,"Reload (Overhead Press)","Overhead Press (Barbell)",4,85.0,5,0,0,,,
2020-04-03 15:52:33,"Reload (Overhead Press)","Overhead Press (Barbell)",5,85.0,5,0,0,,,
2020-04-03 15:52:33,"Reload (Overhead Press)","Overhead Press (Barbell)",6,85.0,5,0,0,,,
2020-04-03 15:52:33,"Reload (Overhead Press)","Overhead Press (Barbell)",7,85.0,5,0,0,,,
2020-04-03 15:52:33,"Reload (Overhead Press)","Overhead Press (Barbell)",8,85.0,5,0,0,,,
2020-04-03 15:52:33,"Reload (Overhead Press)","Deadlift (Barbell)",1,205.0,5,0,0,"",,
2020-04-03 15:52:33,"Reload (Overhead Press)","Deadlift (Barbell)",2,205.0,5,0,0,,,
2020-04-03 15:52:33,"Reload (Overhead Press)","Deadlift (Barbell)",3,205.0,5,0,0,,,
2020-04-03 15:52:33,"Reload (Overhead Press)","Deadlift (Barbell)",4,205.0,5,0,0,,,
2020-04-03 15:52:33,"Reload (Overhead Press)","Deadlift (Barbell)",5,205.0,5,0,0,,,
2020-04-03 15:52:33,"Reload (Overhead Press)","Seated Overhead Press (Dumbbell)",1,100.0,6,0,0,"",,
2020-04-03 15:52:33,"Reload (Overhead Press)","Seated Overhead Press (Dumbbell)",2,100.0,6,0,0,,,
2020-04-03 15:52:33,"Reload (Overhead Press)","Ab Wheel",1,0,10,0,0,"",,
2020-04-03 15:52:33,"Reload (Overhead Press)","Ab Wheel",2,0,10,0,0,,,
2020-04-03 15:52:33,"Reload (Overhead Press)","Ab Wheel",3,0,10,0,0,,,
2020-04-03 15:52:33,"Reload (Overhead Press)","Ab Wheel",4,0,10,0,0,,,
2020-04-03 15:52:33,"Reload (Overhead Press)","Ab Wheel",5,0,10,0,0,,,
2020-04-06 15:51:22,"Reload (Deadlift)","Deadlift (Barbell)",1,110.0,5,0,0,"","",
2020-04-06 15:51:22,"Reload (Deadlift)","Deadlift (Barbell)",2,160.0,5,0,0,,,
2020-04-06 15:51:22,"Reload (Deadlift)","Deadlift (Barbell)",3,210.00000000000003,3,0,0,,,
2020-04-06 15:51:22,"Reload (Deadlift)","Deadlift (Barbell)",4,265.0,5,0,0,,,
2020-04-06 15:51:22,"Reload (Deadlift)","Deadlift (Barbell)",5,265.0,5,0,0,,,
2020-04-06 15:51:22,"Reload (Deadlift)","Deadlift (Barbell)",6,265.0,5,0,0,,,
2020-04-06 15:51:22,"Reload (Deadlift)","Deadlift (Barbell)",7,265.0,5,0,0,,,
2020-04-06 15:51:22,"Reload (Deadlift)","Deadlift (Barbell)",8,265.0,5,0,0,,,
2020-04-06 15:51:22,"Reload (Deadlift)","Bench Press (Barbell)",1,155.0,5,0,0,"",,
2020-04-06 15:51:22,"Reload (Deadlift)","Bench Press (Barbell)",2,155.0,5,0,0,,,
2020-04-06 15:51:22,"Reload (Deadlift)","Bench Press (Barbell)",3,155.0,5,0,0,,,
2020-04-06 15:51:22,"Reload (Deadlift)","Bench Press (Barbell)",4,155.0,5,0,0,,,
2020-04-06 15:51:22,"Reload (Deadlift)","Bench Press (Barbell)",5,155.0,5,0,0,,,
2020-04-06 15:51:22,"Reload (Deadlift)","Stiff Leg Deadlift (Barbell)",1,225.0,5,0,0,"",,
2020-04-06 15:51:22,"Reload (Deadlift)","Stiff Leg Deadlift (Barbell)",2,225.0,5,0,0,,,
2020-04-06 15:51:22,"Reload (Deadlift)","Stiff Leg Deadlift (Barbell)",3,225.0,5,0,0,,,
2020-04-06 15:51:22,"Reload (Deadlift)","Bent Over Row (Barbell)",1,165.0,5,0,0,"",,
2020-04-06 15:51:22,"Reload (Deadlift)","Bent Over Row (Barbell)",2,165.0,5,0,0,,,
2020-04-06 15:51:22,"Reload (Deadlift)","Bent Over Row (Barbell)",3,165.0,5,0,0,,,
2020-04-07 15:32:31,"Reload (Bench Press)","Bench Press (Barbell)",1,80.0,5,0,0,"","",
2020-04-07 15:32:31,"Reload (Bench Press)","Bench Press (Barbell)",2,120.0,5,0,0,,,
2020-04-07 15:32:31,"Reload (Bench Press)","Bench Press (Barbell)",3,160.0,3,0,0,,,
2020-04-07 15:32:31,"Reload (Bench Press)","Bench Press (Barbell)",4,200.0,5,0,0,,,
2020-04-07 15:32:31,"Reload (Bench Press)","Bench Press (Barbell)",5,200.0,5,0,0,,,
2020-04-07 15:32:31,"Reload (Bench Press)","Bench Press (Barbell)",6,200.0,5,0,0,,,
2020-04-07 15:32:31,"Reload (Bench Press)","Bench Press (Barbell)",7,200.0,5,0,0,,,
2020-04-07 15:32:31,"Reload (Bench Press)","Bench Press (Barbell)",8,200.0,3,0,0,,,
2020-04-07 15:32:31,"Reload (Bench Press)","Squat (Barbell)",1,140.0,5,0,0,"",,
2020-04-07 15:32:31,"Reload (Bench Press)","Squat (Barbell)",2,140.0,5,0,0,,,
2020-04-07 15:32:31,"Reload (Bench Press)","Squat (Barbell)",3,140.0,5,0,0,,,
2020-04-07 15:32:31,"Reload (Bench Press)","Squat (Barbell)",4,140.0,5,0,0,,,
2020-04-07 15:32:31,"Reload (Bench Press)","Squat (Barbell)",5,140.0,5,0,0,,,
2020-04-07 15:32:31,"Reload (Bench Press)","Incline Bench Press (Barbell)",1,155.0,5,0,0,"",,
2020-04-07 15:32:31,"Reload (Bench Press)","Incline Bench Press (Barbell)",2,155.0,5,0,0,,,
2020-04-07 15:32:31,"Reload (Bench Press)","Incline Bench Press (Barbell)",3,155.0,5,0,0,,,
2020-04-07 15:32:31,"Reload (Bench Press)","Cable Crunch",1,100.0,5,0,0,"3-5@4-7RM",,
2020-04-07 15:32:31,"Reload (Bench Press)","Cable Crunch",2,100.0,5,0,0,,,
2020-04-07 15:32:31,"Reload (Bench Press)","Cable Crunch",3,100.0,5,0,0,,,
2020-04-07 15:32:31,"Reload (Bench Press)","Cable Crunch",4,100.0,5,0,0,,,
2020-04-07 15:32:31,"Reload (Bench Press)","Cable Crunch",5,100.0,5,0,0,,,
2020-04-09 15:49:19,"Reload (Squat)","Squat (Barbell)",1,70.0,5,0,0,"","",
2020-04-09 15:49:19,"Reload (Squat)","Squat (Barbell)",2,100.00000000000001,5,0,0,,,
2020-04-09 15:49:19,"Reload (Squat)","Squat (Barbell)",3,140.0,3,0,0,,,
2020-04-09 15:49:19,"Reload (Squat)","Squat (Barbell)",4,175.0,5,0,0,,,
2020-04-09 15:49:19,"Reload (Squat)","Squat (Barbell)",5,175.0,5,0,0,,,
2020-04-09 15:49:19,"Reload (Squat)","Squat (Barbell)",6,175.0,5,0,0,,,
2020-04-09 15:49:19,"Reload (Squat)","Squat (Barbell)",7,175.0,5,0,0,,,
2020-04-09 15:49:19,"Reload (Squat)","Squat (Barbell)",8,175.0,5,0,0,,,
2020-04-09 15:49:19,"Reload (Squat)","Overhead Press (Barbell)",1,70.0,5,0,0,"",,
2020-04-09 15:49:19,"Reload (Squat)","Overhead Press (Barbell)",2,70.0,5,0,0,,,
2020-04-09 15:49:19,"Reload (Squat)","Overhead Press (Barbell)",3,70.0,5,0,0,,,
2020-04-09 15:49:19,"Reload (Squat)","Overhead Press (Barbell)",4,70.0,5,0,0,,,
2020-04-09 15:49:19,"Reload (Squat)","Overhead Press (Barbell)",5,70.0,5,0,0,,,
2020-04-09 15:49:19,"Reload (Squat)","Front Squat (Barbell)",1,115.0,5,0,0,"",,
2020-04-09 15:49:19,"Reload (Squat)","Front Squat (Barbell)",2,115.0,5,0,0,,,
2020-04-09 15:49:19,"Reload (Squat)","Front Squat (Barbell)",3,115.0,5,0,0,,,
2020-04-09 15:49:19,"Reload (Squat)","Pull Up",1,20.0,5,0,0,"",,
2020-04-09 15:49:19,"Reload (Squat)","Pull Up",2,20.0,5,0,0,,,
2020-04-09 15:49:19,"Reload (Squat)","Pull Up",3,20.0,5,0,0,,,
2020-04-10 15:48:51,"Reload (Overhead Press)","Overhead Press (Barbell)",1,44.99999997795377,5,0,0,"","",
2020-04-10 15:48:51,"Reload (Overhead Press)","Overhead Press (Barbell)",2,50.00000000000001,5,0,0,,,
2020-04-10 15:48:51,"Reload (Overhead Press)","Overhead Press (Barbell)",3,70.0,3,0,0,,,
2020-04-10 15:48:51,"Reload (Overhead Press)","Overhead Press (Barbell)",4,90.0,5,0,0,,,
2020-04-10 15:48:51,"Reload (Overhead Press)","Overhead Press (Barbell)",5,90.0,5,0,0,,,
2020-04-10 15:48:51,"Reload (Overhead Press)","Overhead Press (Barbell)",6,90.0,5,0,0,,,
2020-04-10 15:48:51,"Reload (Overhead Press)","Overhead Press (Barbell)",7,90.0,5,0,0,,,
2020-04-10 15:48:51,"Reload (Overhead Press)","Overhead Press (Barbell)",8,90.0,5,0,0,,,
2020-04-10 15:48:51,"Reload (Overhead Press)","Deadlift (Barbell)",1,205.0,5,0,0,"",,
2020-04-10 15:48:51,"Reload (Overhead Press)","Deadlift (Barbell)",2,205.0,5,0,0,,,
2020-04-10 15:48:51,"Reload (Overhead Press)","Deadlift (Barbell)",3,205.0,5,0,0,,,
2020-04-10 15:48:51,"Reload (Overhead Press)","Deadlift (Barbell)",4,205.0,5,0,0,,,
2020-04-10 15:48:51,"Reload (Overhead Press)","Deadlift (Barbell)",5,205.0,5,0,0,,,
2020-04-10 15:48:51,"Reload (Overhead Press)","Seated Overhead Press (Dumbbell)",1,100.0,5,0,0,"",,
2020-04-10 15:48:51,"Reload (Overhead Press)","Seated Overhead Press (Dumbbell)",2,100.0,5,0,0,,,
2020-04-10 15:48:51,"Reload (Overhead Press)","Seated Overhead Press (Dumbbell)",3,100.0,5,0,0,,,
2020-04-10 15:48:51,"Reload (Overhead Press)","Ab Wheel",1,0,10,0,0,"",,
2020-04-10 15:48:51,"Reload (Overhead Press)","Ab Wheel",2,0,10,0,0,,,
2020-04-10 15:48:51,"Reload (Overhead Press)","Ab Wheel",3,0,10,0,0,,,
2020-04-10 15:48:51,"Reload (Overhead Press)","Ab Wheel",4,0,10,0,0,,,
2020-04-10 15:48:51,"Reload (Overhead Press)","Ab Wheel",5,0,10,0,0,,,
2020-04-13 15:43:12,"Reload (Deadlift)","Deadlift (Barbell)",1,110.0,5,0,0,"","",
2020-04-13 15:43:12,"Reload (Deadlift)","Deadlift (Barbell)",2,160.0,5,0,0,,,
2020-04-13 15:43:12,"Reload (Deadlift)","Deadlift (Barbell)",3,220.0,3,0,0,,,
2020-04-13 15:43:12,"Reload (Deadlift)","Deadlift (Barbell)",4,275.0,5,0,0,,,
2020-04-13 15:43:12,"Reload (Deadlift)","Deadlift (Barbell)",5,275.0,5,0,0,,,
2020-04-13 15:43:12,"Reload (Deadlift)","Deadlift (Barbell)",6,275.0,5,0,0,,,
2020-04-13 15:43:12,"Reload (Deadlift)","Deadlift (Barbell)",7,275.0,5,0,0,,,
2020-04-13 15:43:12,"Reload (Deadlift)","Deadlift (Barbell)",8,275.0,5,0,0,,,
2020-04-13 15:43:12,"Reload (Deadlift)","Bench Press (Barbell)",1,155.0,5,0,0,"",,
2020-04-13 15:43:12,"Reload (Deadlift)","Bench Press (Barbell)",2,155.0,5,0,0,,,
2020-04-13 15:43:12,"Reload (Deadlift)","Bench Press (Barbell)",3,155.0,5,0,0,,,
2020-04-13 15:43:12,"Reload (Deadlift)","Bench Press (Barbell)",4,155.0,5,0,0,,,
2020-04-13 15:43:12,"Reload (Deadlift)","Bench Press (Barbell)",5,155.0,5,0,0,,,
2020-04-13 15:43:12,"Reload (Deadlift)","Stiff Leg Deadlift (Barbell)",1,225.0,6,0,0,"",,
2020-04-13 15:43:12,"Reload (Deadlift)","Stiff Leg Deadlift (Barbell)",2,225.0,6,0,0,,,
2020-04-13 15:43:12,"Reload (Deadlift)","Stiff Leg Deadlift (Barbell)",3,225.0,6,0,0,,,
2020-04-13 15:43:12,"Reload (Deadlift)","Bent Over Row (Barbell)",1,165.0,6,0,0,"",,
2020-04-13 15:43:12,"Reload (Deadlift)","Bent Over Row (Barbell)",2,165.0,6,0,0,,,
2020-04-13 15:43:12,"Reload (Deadlift)","Bent Over Row (Barbell)",3,165.0,6,0,0,,,
2020-04-14 15:25:23,"Reload (Bench Press)","Bench Press (Barbell)",1,80.0,5,0,0,"","",
2020-04-14 15:25:23,"Reload (Bench Press)","Bench Press (Barbell)",2,120.0,5,0,0,,,
2020-04-14 15:25:23,"Reload (Bench Press)","Bench Press (Barbell)",3,160.0,3,0,0,,,
2020-04-14 15:25:23,"Reload (Bench Press)","Bench Press (Barbell)",4,205.0,5,0,0,,,
2020-04-14 15:25:23,"Reload (Bench Press)","Bench Press (Barbell)",5,205.0,5,0,0,,,
2020-04-14 15:25:23,"Reload (Bench Press)","Bench Press (Barbell)",6,205.0,5,0,0,,,
2020-04-14 15:25:23,"Reload (Bench Press)","Bench Press (Barbell)",7,205.0,5,0,0,,,
2020-04-14 15:25:23,"Reload (Bench Press)","Bench Press (Barbell)",8,205.0,5,0,0,,,
2020-04-14 15:25:23,"Reload (Bench Press)","Squat (Barbell)",1,140.0,5,0,0,"",,
2020-04-14 15:25:23,"Reload (Bench Press)","Squat (Barbell)",2,140.0,5,0,0,,,
2020-04-14 15:25:23,"Reload (Bench Press)","Squat (Barbell)",3,140.0,5,0,0,,,
2020-04-14 15:25:23,"Reload (Bench Press)","Squat (Barbell)",4,140.0,5,0,0,,,
2020-04-14 15:25:23,"Reload (Bench Press)","Squat (Barbell)",5,140.0,5,0,0,,,
2020-04-14 15:25:23,"Reload (Bench Press)","Incline Bench Press (Barbell)",1,155.0,6,0,0,"",,
2020-04-14 15:25:23,"Reload (Bench Press)","Incline Bench Press (Barbell)",2,155.0,6,0,0,,,
2020-04-14 15:25:23,"Reload (Bench Press)","Incline Bench Press (Barbell)",3,155.0,6,0,0,,,
2020-04-14 15:25:23,"Reload (Bench Press)","Cable Crunch",1,100.0,5,0,0,"3-5@4-7RM",,
2020-04-14 15:25:23,"Reload (Bench Press)","Cable Crunch",2,100.0,5,0,0,,,
2020-04-14 15:25:23,"Reload (Bench Press)","Cable Crunch",3,100.0,5,0,0,,,
2020-04-14 15:25:23,"Reload (Bench Press)","Cable Crunch",4,100.0,5,0,0,,,
2020-04-14 15:25:23,"Reload (Bench Press)","Cable Crunch",5,100.0,5,0,0,,,
2020-04-16 15:49:42,"Reload (Squat)","Squat (Barbell)",1,70.0,5,0,0,"","",
2020-04-16 15:49:42,"Reload (Squat)","Squat (Barbell)",2,110.0,5,0,0,,,
2020-04-16 15:49:42,"Reload (Squat)","Squat (Barbell)",3,140.0,3,0,0,,,
2020-04-16 15:49:42,"Reload (Squat)","Squat (Barbell)",4,180.0,5,0,0,,,
2020-04-16 15:49:42,"Reload (Squat)","Squat (Barbell)",5,180.0,5,0,0,,,
2020-04-16 15:49:42,"Reload (Squat)","Squat (Barbell)",6,180.0,5,0,0,,,
2020-04-16 15:49:42,"Reload (Squat)","Squat (Barbell)",7,180.0,5,0,0,,,
2020-04-16 15:49:42,"Reload (Squat)","Squat (Barbell)",8,180.0,5,0,0,,,
2020-04-16 15:49:42,"Reload (Squat)","Overhead Press (Barbell)",1,70.0,5,0,0,"",,
2020-04-16 15:49:42,"Reload (Squat)","Overhead Press (Barbell)",2,70.0,5,0,0,,,
2020-04-16 15:49:42,"Reload (Squat)","Overhead Press (Barbell)",3,70.0,5,0,0,,,
2020-04-16 15:49:42,"Reload (Squat)","Overhead Press (Barbell)",4,70.0,5,0,0,,,
2020-04-16 15:49:42,"Reload (Squat)","Overhead Press (Barbell)",5,70.0,5,0,0,,,
2020-04-16 15:49:42,"Reload (Squat)","Front Squat (Barbell)",1,115.0,6,0,0,"",,
2020-04-16 15:49:42,"Reload (Squat)","Front Squat (Barbell)",2,115.0,6,0,0,,,
2020-04-16 15:49:42,"Reload (Squat)","Front Squat (Barbell)",3,115.0,6,0,0,,,
2020-04-16 15:49:42,"Reload (Squat)","Pull Up",1,20.0,6,0,0,"",,
2020-04-16 15:49:42,"Reload (Squat)","Pull Up",2,20.0,6,0,0,,,
2020-04-16 15:49:42,"Reload (Squat)","Pull Up",3,20.0,6,0,0,,,
2020-04-17 15:50:10,"Reload (Overhead Press)","Overhead Press (Barbell)",1,44.99999997795377,5,0,0,"","",
2020-04-17 15:50:10,"Reload (Overhead Press)","Overhead Press (Barbell)",2,60.0,5,0,0,,,
2020-04-17 15:50:10,"Reload (Overhead Press)","Overhead Press (Barbell)",3,80.0,3,0,0,,,
2020-04-17 15:50:10,"Reload (Overhead Press)","Overhead Press (Barbell)",4,95.0,5,0,0,,,
2020-04-17 15:50:10,"Reload (Overhead Press)","Overhead Press (Barbell)",5,95.0,5,0,0,,,
2020-04-17 15:50:10,"Reload (Overhead Press)","Overhead Press (Barbell)",6,95.0,5,0,0,,,
2020-04-17 15:50:10,"Reload (Overhead Press)","Overhead Press (Barbell)",7,95.0,5,0,0,,,
2020-04-17 15:50:10,"Reload (Overhead Press)","Overhead Press (Barbell)",8,95.0,5,0,0,,,
2020-04-17 15:50:10,"Reload (Overhead Press)","Deadlift (Barbell)",1,205.0,5,0,0,"",,
2020-04-17 15:50:10,"Reload (Overhead Press)","Deadlift (Barbell)",2,205.0,5,0,0,,,
2020-04-17 15:50:10,"Reload (Overhead Press)","Deadlift (Barbell)",3,205.0,5,0,0,,,
2020-04-17 15:50:10,"Reload (Overhead Press)","Deadlift (Barbell)",4,205.0,5,0,0,,,
2020-04-17 15:50:10,"Reload (Overhead Press)","Deadlift (Barbell)",5,205.0,5,0,0,,,
2020-04-17 15:50:10,"Reload (Overhead Press)","Seated Overhead Press (Dumbbell)",1,100.0,6,0,0,"",,
2020-04-17 15:50:10,"Reload (Overhead Press)","Seated Overhead Press (Dumbbell)",2,100.0,6,0,0,,,
2020-04-17 15:50:10,"Reload (Overhead Press)","Seated Overhead Press (Dumbbell)",3,100.0,6,0,0,,,
2020-04-17 15:50:10,"Reload (Overhead Press)","Ab Wheel",1,0,10,0,0,"",,
2020-04-17 15:50:10,"Reload (Overhead Press)","Ab Wheel",2,0,10,0,0,,,
2020-04-17 15:50:10,"Reload (Overhead Press)","Ab Wheel",3,0,10,0,0,,,
2020-04-17 15:50:10,"Reload (Overhead Press)","Ab Wheel",4,0,10,0,0,,,
2020-04-17 15:50:10,"Reload (Overhead Press)","Ab Wheel",5,0,10,0,0,,,
2020-04-20 15:55:54,"Reload (Deadlift)","Deadlift (Barbell)",1,110.0,5,0,0,"","",
2020-04-20 15:55:54,"Reload (Deadlift)","Deadlift (Barbell)",2,170.0,5,0,0,,,
2020-04-20 15:55:54,"Reload (Deadlift)","Deadlift (Barbell)",3,230.0,3,0,0,,,
2020-04-20 15:55:54,"Reload (Deadlift)","Deadlift (Barbell)",4,285.0,5,0,0,,,
2020-04-20 15:55:54,"Reload (Deadlift)","Deadlift (Barbell)",5,285.0,5,0,0,,,
2020-04-20 15:55:54,"Reload (Deadlift)","Deadlift (Barbell)",6,285.0,5,0,0,,,
2020-04-20 15:55:54,"Reload (Deadlift)","Deadlift (Barbell)",7,285.0,5,0,0,,,
2020-04-20 15:55:54,"Reload (Deadlift)","Deadlift (Barbell)",8,285.0,5,0,0,,,
2020-04-20 15:55:54,"Reload (Deadlift)","Bench Press (Barbell)",1,155.0,5,0,0,"",,
2020-04-20 15:55:54,"Reload (Deadlift)","Bench Press (Barbell)",2,155.0,5,0,0,,,
2020-04-20 15:55:54,"Reload (Deadlift)","Bench Press (Barbell)",3,155.0,5,0,0,,,
2020-04-20 15:55:54,"Reload (Deadlift)","Bench Press (Barbell)",4,155.0,5,0,0,,,
2020-04-20 15:55:54,"Reload (Deadlift)","Bench Press (Barbell)",5,155.0,5,0,0,,,
2020-04-20 15:55:54,"Reload (Deadlift)","Stiff Leg Deadlift (Barbell)",1,225.0,7,0,0,"",,
2020-04-20 15:55:54,"Reload (Deadlift)","Stiff Leg Deadlift (Barbell)",2,225.0,7,0,0,,,
2020-04-20 15:55:54,"Reload (Deadlift)","Stiff Leg Deadlift (Barbell)",3,225.0,7,0,0,,,
2020-04-20 15:55:54,"Reload (Deadlift)","Bent Over Row (Barbell)",1,165.0,7,0,0,"",,
2020-04-20 15:55:54,"Reload (Deadlift)","Bent Over Row (Barbell)",2,165.0,7,0,0,,,
2020-04-20 15:55:54,"Reload (Deadlift)","Bent Over Row (Barbell)",3,165.0,7,0,0,,,
2020-04-21 15:34:13,"Reload (Bench Press)","Bench Press (Barbell)",1,80.0,5,0,0,"","",
2020-04-21 15:34:13,"Reload (Bench Press)","Bench Press (Barbell)",2,130.0,5,0,0,,,
2020-04-21 15:34:13,"Reload (Bench Press)","Bench Press (Barbell)",3,170.0,3,0,0,,,
2020-04-21 15:34:13,"Reload (Bench Press)","Bench Press (Barbell)",4,210.0,5,0,0,,,
2020-04-21 15:34:13,"Reload (Bench Press)","Bench Press (Barbell)",5,210.0,5,0,0,,,
2020-04-21 15:34:13,"Reload (Bench Press)","Bench Press (Barbell)",6,210.0,5,0,0,,,
2020-04-21 15:34:13,"Reload (Bench Press)","Bench Press (Barbell)",7,210.0,4,0,0,,,
2020-04-21 15:34:13,"Reload (Bench Press)","Bench Press (Barbell)",8,210.0,4,0,0,,,
2020-04-21 15:34:13,"Reload (Bench Press)","Squat (Barbell)",1,140.0,5,0,0,"",,
2020-04-21 15:34:13,"Reload (Bench Press)","Squat (Barbell)",2,140.0,5,0,0,,,
2020-04-21 15:34:13,"Reload (Bench Press)","Squat (Barbell)",3,140.0,5,0,0,,,
2020-04-21 15:34:13,"Reload (Bench Press)","Squat (Barbell)",4,140.0,5,0,0,,,
2020-04-21 15:34:13,"Reload (Bench Press)","Squat (Barbell)",5,140.0,5,0,0,,,
2020-04-21 15:34:13,"Reload (Bench Press)","Incline Bench Press (Barbell)",1,155.0,7,0,0,"",,
2020-04-21 15:34:13,"Reload (Bench Press)","Incline Bench Press (Barbell)",2,155.0,7,0,0,,,
2020-04-21 15:34:13,"Reload (Bench Press)","Incline Bench Press (Barbell)",3,155.0,7,0,0,,,
2020-04-21 15:34:13,"Reload (Bench Press)","Cable Crunch",1,100.0,5,0,0,"3-5@4-7RM",,
2020-04-21 15:34:13,"Reload (Bench Press)","Cable Crunch",2,100.0,5,0,0,,,
2020-04-21 15:34:13,"Reload (Bench Press)","Cable Crunch",3,100.0,5,0,0,,,
2020-04-21 15:34:13,"Reload (Bench Press)","Cable Crunch",4,100.0,5,0,0,,,
2020-04-21 15:34:13,"Reload (Bench Press)","Cable Crunch",5,100.0,5,0,0,,,
2020-04-23 15:27:06,"Reload (Squat)","Squat (Barbell)",1,70.0,5,0,0,"","",
2020-04-23 15:27:06,"Reload (Squat)","Squat (Barbell)",2,110.0,5,0,0,,,
2020-04-23 15:27:06,"Reload (Squat)","Squat (Barbell)",3,150.00000000000003,3,0,0,,,
2020-04-23 15:27:06,"Reload (Squat)","Squat (Barbell)",4,185.00000000000003,5,0,0,,,
2020-04-23 15:27:06,"Reload (Squat)","Squat (Barbell)",5,185.00000000000003,5,0,0,,,
2020-04-23 15:27:06,"Reload (Squat)","Squat (Barbell)",6,185.00000000000003,5,0,0,,,
2020-04-23 15:27:06,"Reload (Squat)","Squat (Barbell)",7,185.00000000000003,5,0,0,,,
2020-04-23 15:27:06,"Reload (Squat)","Squat (Barbell)",8,185.00000000000003,5,0,0,,,
2020-04-23 15:27:06,"Reload (Squat)","Overhead Press (Barbell)",1,70.0,5,0,0,"",,
2020-04-23 15:27:06,"Reload (Squat)","Overhead Press (Barbell)",2,70.0,5,0,0,,,
2020-04-23 15:27:06,"Reload (Squat)","Overhead Press (Barbell)",3,70.0,5,0,0,,,
2020-04-23 15:27:06,"Reload (Squat)","Overhead Press (Barbell)",4,70.0,5,0,0,,,
2020-04-23 15:27:06,"Reload (Squat)","Overhead Press (Barbell)",5,70.0,5,0,0,,,
2020-04-23 15:27:06,"Reload (Squat)","Front Squat (Barbell)",1,115.0,7,0,0,"",,
2020-04-23 15:27:06,"Reload (Squat)","Front Squat (Barbell)",2,115.0,7,0,0,,,
2020-04-23 15:27:06,"Reload (Squat)","Front Squat (Barbell)",3,115.0,7,0,0,,,
2020-04-23 15:27:06,"Reload (Squat)","Pull Up",1,20.0,7,0,0,"",,
2020-04-23 15:27:06,"Reload (Squat)","Pull Up",2,20.0,7,0,0,,,
2020-04-23 15:27:06,"Reload (Squat)","Pull Up",3,20.0,7,0,0,,,
2020-04-24 15:53:42,"Reload (Overhead Press)","Overhead Press (Barbell)",1,44.99999997795377,5,0,0,"","",
2020-04-24 15:53:42,"Reload (Overhead Press)","Overhead Press (Barbell)",2,60.0,5,0,0,,,
2020-04-24 15:53:42,"Reload (Overhead Press)","Overhead Press (Barbell)",3,80.0,3,0,0,,,
2020-04-24 15:53:42,"Reload (Overhead Press)","Overhead Press (Barbell)",4,100.0,5,0,0,,,
2020-04-24 15:53:42,"Reload (Overhead Press)","Overhead Press (Barbell)",5,100.0,5,0,0,,,
2020-04-24 15:53:42,"Reload (Overhead Press)","Overhead Press (Barbell)",6,100.0,5,0,0,,,
2020-04-24 15:53:42,"Reload (Overhead Press)","Overhead Press (Barbell)",7,100.0,5,0,0,,,
2020-04-24 15:53:42,"Reload (Overhead Press)","Overhead Press (Barbell)",8,100.0,5,0,0,,,
2020-04-24 15:53:42,"Reload (Overhead Press)","Deadlift (Barbell)",1,205.0,5,0,0,"",,
2020-04-24 15:53:42,"Reload (Overhead Press)","Deadlift (Barbell)",2,205.0,5,0,0,,,
2020-04-24 15:53:42,"Reload (Overhead Press)","Deadlift (Barbell)",3,205.0,5,0,0,,,
2020-04-24 15:53:42,"Reload (Overhead Press)","Deadlift (Barbell)",4,205.0,5,0,0,,,
2020-04-24 15:53:42,"Reload (Overhead Press)","Deadlift (Barbell)",5,205.0,5,0,0,,,
2020-04-24 15:53:42,"Reload (Overhead Press)","Seated Overhead Press (Dumbbell)",1,100.0,7,0,0,"",,
2020-04-24 15:53:42,"Reload (Overhead Press)","Seated Overhead Press (Dumbbell)",2,100.0,7,0,0,,,
2020-04-24 15:53:42,"Reload (Overhead Press)","Seated Overhead Press (Dumbbell)",3,100.0,7,0,0,,,
2020-04-24 15:53:42,"Reload (Overhead Press)","Ab Wheel",1,0,10,0,0,"",,
2020-04-24 15:53:42,"Reload (Overhead Press)","Ab Wheel",2,0,10,0,0,,,
2020-04-24 15:53:42,"Reload (Overhead Press)","Ab Wheel",3,0,10,0,0,,,
2020-04-24 15:53:42,"Reload (Overhead Press)","Ab Wheel",4,0,10,0,0,,,
2020-04-24 15:53:42,"Reload (Overhead Press)","Ab Wheel",5,0,10,0,0,,,
2020-04-27 15:43:34,"Reload (Deadlift)","Deadlift (Barbell)",1,120.0,5,0,0,"","",
2020-04-27 15:43:34,"Reload (Deadlift)","Deadlift (Barbell)",2,180.0,5,0,0,,,
2020-04-27 15:43:34,"Reload (Deadlift)","Deadlift (Barbell)",3,240.0,3,0,0,,,
2020-04-27 15:43:34,"Reload (Deadlift)","Deadlift (Barbell)",4,295.0,3,0,0,,,
2020-04-27 15:43:34,"Reload (Deadlift)","Deadlift (Barbell)",5,295.0,3,0,0,,,
2020-04-27 15:43:34,"Reload (Deadlift)","Deadlift (Barbell)",6,295.0,3,0,0,,,
2020-04-27 15:43:34,"Reload (Deadlift)","Bench Press (Barbell)",1,155.0,5,0,0,"",,
2020-04-27 15:43:34,"Reload (Deadlift)","Bench Press (Barbell)",2,155.0,5,0,0,,,
2020-04-27 15:43:34,"Reload (Deadlift)","Bench Press (Barbell)",3,155.0,5,0,0,,,
2020-04-27 15:43:34,"Reload (Deadlift)","Bench Press (Barbell)",4,155.0,5,0,0,,,
2020-04-27 15:43:34,"Reload (Deadlift)","Bench Press (Barbell)",5,155.0,5,0,0,,,
2020-04-27 15:43:34,"Reload (Deadlift)","Stiff Leg Deadlift (Barbell)",1,245.00000000000003,5,0,0,"",,
2020-04-27 15:43:34,"Reload (Deadlift)","Stiff Leg Deadlift (Barbell)",2,245.00000000000003,5,0,0,,,
2020-04-27 15:43:34,"Reload (Deadlift)","Stiff Leg Deadlift (Barbell)",3,245.00000000000003,5,0,0,,,
2020-04-27 15:43:34,"Reload (Deadlift)","Bent Over Row (Barbell)",1,185.00000000000003,5,0,0,"",,
2020-04-27 15:43:34,"Reload (Deadlift)","Bent Over Row (Barbell)",2,185.00000000000003,5,0,0,,,
2020-04-27 15:43:34,"Reload (Deadlift)","Bent Over Row (Barbell)",3,185.00000000000003,5,0,0,,,
2020-04-28 15:38:42,"Reload (Bench Press)","Bench Press (Barbell)",1,90.0,5,0,0,"","",
2020-04-28 15:38:42,"Reload (Bench Press)","Bench Press (Barbell)",2,130.0,5,0,0,,,
2020-04-28 15:38:42,"Reload (Bench Press)","Bench Press (Barbell)",3,170.0,3,0,0,,,
2020-04-28 15:38:42,"Reload (Bench Press)","Bench Press (Barbell)",4,215.0,3,0,0,,,
2020-04-28 15:38:42,"Reload (Bench Press)","Bench Press (Barbell)",5,215.0,3,0,0,,,
2020-04-28 15:38:42,"Reload (Bench Press)","Bench Press (Barbell)",6,215.0,3,0,0,,,
2020-04-28 15:38:42,"Reload (Bench Press)","Squat (Barbell)",1,140.0,5,0,0,"",,
2020-04-28 15:38:42,"Reload (Bench Press)","Squat (Barbell)",2,140.0,5,0,0,,,
2020-04-28 15:38:42,"Reload (Bench Press)","Squat (Barbell)",3,140.0,5,0,0,,,
2020-04-28 15:38:42,"Reload (Bench Press)","Squat (Barbell)",4,140.0,5,0,0,,,
2020-04-28 15:38:42,"Reload (Bench Press)","Squat (Barbell)",5,140.0,5,0,0,,,
2020-04-28 15:38:42,"Reload (Bench Press)","Incline Bench Press (Barbell)",1,165.0,5,0,0,"",,
2020-04-28 15:38:42,"Reload (Bench Press)","Incline Bench Press (Barbell)",2,165.0,5,0,0,,,
2020-04-28 15:38:42,"Reload (Bench Press)","Incline Bench Press (Barbell)",3,165.0,5,0,0,,,
2020-04-28 15:38:42,"Reload (Bench Press)","Cable Crunch",1,100.0,5,0,0,"3-5@4-7RM",,
2020-04-28 15:38:42,"Reload (Bench Press)","Cable Crunch",2,100.0,5,0,0,,,
2020-04-28 15:38:42,"Reload (Bench Press)","Cable Crunch",3,100.0,5,0,0,,,
2020-04-28 15:38:42,"Reload (Bench Press)","Cable Crunch",4,100.0,5,0,0,,,
2020-04-28 15:38:42,"Reload (Bench Press)","Cable Crunch",5,100.0,5,0,0,,,
2020-04-30 15:34:23,"Reload (Squat)","Squat (Barbell)",1,80.0,5,0,0,"","",
2020-04-30 15:34:23,"Reload (Squat)","Squat (Barbell)",2,110.0,5,0,0,,,
2020-04-30 15:34:23,"Reload (Squat)","Squat (Barbell)",3,150.00000000000003,3,0,0,,,
2020-04-30 15:34:23,"Reload (Squat)","Squat (Barbell)",4,190.0,3,0,0,,,
2020-04-30 15:34:23,"Reload (Squat)","Squat (Barbell)",5,190.0,3,0,0,,,
2020-04-30 15:34:23,"Reload (Squat)","Squat (Barbell)",6,190.0,3,0,0,,,
2020-04-30 15:34:23,"Reload (Squat)","Overhead Press (Barbell)",1,70.0,5,0,0,"",,
2020-04-30 15:34:23,"Reload (Squat)","Overhead Press (Barbell)",2,70.0,5,0,0,,,
2020-04-30 15:34:23,"Reload (Squat)","Overhead Press (Barbell)",3,70.0,5,0,0,,,
2020-04-30 15:34:23,"Reload (Squat)","Overhead Press (Barbell)",4,70.0,5,0,0,,,
2020-04-30 15:34:23,"Reload (Squat)","Overhead Press (Barbell)",5,70.0,5,0,0,,,
2020-04-30 15:34:23,"Reload (Squat)","Front Squat (Barbell)",1,115.0,5,0,0,"",,
2020-04-30 15:34:23,"Reload (Squat)","Front Squat (Barbell)",2,115.0,5,0,0,,,
2020-04-30 15:34:23,"Reload (Squat)","Front Squat (Barbell)",3,115.0,5,0,0,,,
2020-04-30 15:34:23,"Reload (Squat)","Pull Up",1,30.0,5,0,0,"",,
2020-04-30 15:34:23,"Reload (Squat)","Pull Up",2,30.0,5,0,0,,,
2020-04-30 15:34:23,"Reload (Squat)","Pull Up",3,30.0,5,0,0,,,
2020-05-01 15:44:08,"Reload (Overhead Press)","Overhead Press (Barbell)",1,44.99999997795377,5,0,0,"","",
2020-05-01 15:44:08,"Reload (Overhead Press)","Overhead Press (Barbell)",2,60.0,5,0,0,,,
2020-05-01 15:44:08,"Reload (Overhead Press)","Overhead Press (Barbell)",3,80.0,3,0,0,,,
2020-05-01 15:44:08,"Reload (Overhead Press)","Overhead Press (Barbell)",4,105.0,3,0,0,,,
2020-05-01 15:44:08,"Reload (Overhead Press)","Overhead Press (Barbell)",5,105.0,3,0,0,,,
2020-05-01 15:44:08,"Reload (Overhead Press)","Overhead Press (Barbell)",6,105.0,3,0,0,,,
2020-05-01 15:44:08,"Reload (Overhead Press)","Deadlift (Barbell)",1,205.0,5,0,0,"",,
2020-05-01 15:44:08,"Reload (Overhead Press)","Deadlift (Barbell)",2,205.0,5,0,0,,,
2020-05-01 15:44:08,"Reload (Overhead Press)","Deadlift (Barbell)",3,205.0,5,0,0,,,
2020-05-01 15:44:08,"Reload (Overhead Press)","Deadlift (Barbell)",4,205.0,5,0,0,,,
2020-05-01 15:44:08,"Reload (Overhead Press)","Deadlift (Barbell)",5,205.0,5,0,0,,,
2020-05-01 15:44:08,"Reload (Overhead Press)","Seated Overhead Press (Dumbbell)",1,110.0,5,0,0,"",,
2020-05-01 15:44:08,"Reload (Overhead Press)","Seated Overhead Press (Dumbbell)",2,110.0,5,0,0,,,
2020-05-01 15:44:08,"Reload (Overhead Press)","Seated Overhead Press (Dumbbell)",3,110.0,5,0,0,,,
2020-05-01 15:44:08,"Reload (Overhead Press)","Ab Wheel",1,0,10,0,0,"",,
2020-05-01 15:44:08,"Reload (Overhead Press)","Ab Wheel",2,0,10,0,0,,,
2020-05-01 15:44:08,"Reload (Overhead Press)","Ab Wheel",3,0,10,0,0,,,
2020-05-01 15:44:08,"Reload (Overhead Press)","Ab Wheel",4,0,10,0,0,,,
2020-05-01 15:44:08,"Reload (Overhead Press)","Ab Wheel",5,0,10,0,0,,,
2020-05-04 16:00:36,"Reload (Deadlift)","Deadlift (Barbell)",1,120.0,5,0,0,"","",
2020-05-04 16:00:36,"Reload (Deadlift)","Deadlift (Barbell)",2,180.0,5,0,0,,,
2020-05-04 16:00:36,"Reload (Deadlift)","Deadlift (Barbell)",3,240.0,3,0,0,,,
2020-05-04 16:00:36,"Reload (Deadlift)","Deadlift (Barbell)",4,305.0,2,0,0,,,
2020-05-04 16:00:36,"Reload (Deadlift)","Deadlift (Barbell)",5,305.0,2,0,0,,,
2020-05-04 16:00:36,"Reload (Deadlift)","Bench Press (Barbell)",1,155.0,5,0,0,"",,
2020-05-04 16:00:36,"Reload (Deadlift)","Bench Press (Barbell)",2,155.0,5,0,0,,,
2020-05-04 16:00:36,"Reload (Deadlift)","Bench Press (Barbell)",3,155.0,5,0,0,,,
2020-05-04 16:00:36,"Reload (Deadlift)","Bench Press (Barbell)",4,155.0,5,0,0,,,
2020-05-04 16:00:36,"Reload (Deadlift)","Bench Press (Barbell)",5,155.0,5,0,0,,,
2020-05-04 16:00:36,"Reload (Deadlift)","Stiff Leg Deadlift (Barbell)",1,275.0,3,0,0,"",,
2020-05-04 16:00:36,"Reload (Deadlift)","Stiff Leg Deadlift (Barbell)",2,275.0,3,0,0,,,
2020-05-04 16:00:36,"Reload (Deadlift)","Bent Over Row (Barbell)",1,195.0,3,0,0,"",,
2020-05-04 16:00:36,"Reload (Deadlift)","Bent Over Row (Barbell)",2,195.0,3,0,0,,,
2020-05-05 15:44:07,"Reload (Bench Press)","Bench Press (Barbell)",1,90.0,5,0,0,"","",
2020-05-05 15:44:07,"Reload (Bench Press)","Bench Press (Barbell)",2,130.0,5,0,0,,,
2020-05-05 15:44:07,"Reload (Bench Press)","Bench Press (Barbell)",3,180.0,3,0,0,,,
2020-05-05 15:44:07,"Reload (Bench Press)","Bench Press (Barbell)",4,220.0,2,0,0,,,
2020-05-05 15:44:07,"Reload (Bench Press)","Bench Press (Barbell)",5,220.0,2,0,0,,,
2020-05-05 15:44:07,"Reload (Bench Press)","Squat (Barbell)",1,140.0,5,0,0,"",,
2020-05-05 15:44:07,"Reload (Bench Press)","Squat (Barbell)",2,140.0,5,0,0,,,
2020-05-05 15:44:07,"Reload (Bench Press)","Squat (Barbell)",3,140.0,5,0,0,,,
2020-05-05 15:44:07,"Reload (Bench Press)","Squat (Barbell)",4,140.0,5,0,0,,,
2020-05-05 15:44:07,"Reload (Bench Press)","Squat (Barbell)",5,140.0,5,0,0,,,
2020-05-05 15:44:07,"Reload (Bench Press)","Incline Bench Press (Barbell)",1,175.0,3,0,0,"",,
2020-05-05 15:44:07,"Reload (Bench Press)","Incline Bench Press (Barbell)",2,175.0,3,0,0,,,
2020-05-05 15:44:07,"Reload (Bench Press)","Cable Crunch",1,100.0,5,0,0,"3-5@4-7RM",,
2020-05-05 15:44:07,"Reload (Bench Press)","Cable Crunch",2,100.0,5,0,0,,,
2020-05-05 15:44:07,"Reload (Bench Press)","Cable Crunch",3,100.0,5,0,0,,,
2020-05-05 15:44:07,"Reload (Bench Press)","Cable Crunch",4,100.0,5,0,0,,,
2020-05-05 15:44:07,"Reload (Bench Press)","Cable Crunch",5,100.0,5,0,0,,,
2020-05-07 15:37:26,"Reload (Squat)","Squat (Barbell)",1,80.0,5,0,0,"","",
2020-05-07 15:37:26,"Reload (Squat)","Squat (Barbell)",2,120.0,5,0,0,,,
2020-05-07 15:37:26,"Reload (Squat)","Squat (Barbell)",3,160.0,3,0,0,,,
2020-05-07 15:37:26,"Reload (Squat)","Squat (Barbell)",4,195.0,2,0,0,,,
2020-05-07 15:37:26,"Reload (Squat)","Squat (Barbell)",5,195.0,2,0,0,,,
2020-05-07 15:37:26,"Reload (Squat)","Overhead Press (Barbell)",1,70.0,5,0,0,"",,
2020-05-07 15:37:26,"Reload (Squat)","Overhead Press (Barbell)",2,70.0,5,0,0,,,
2020-05-07 15:37:26,"Reload (Squat)","Overhead Press (Barbell)",3,70.0,5,0,0,,,
2020-05-07 15:37:26,"Reload (Squat)","Overhead Press (Barbell)",4,70.0,5,0,0,,,
2020-05-07 15:37:26,"Reload (Squat)","Overhead Press (Barbell)",5,70.0,5,0,0,,,
2020-05-07 15:37:26,"Reload (Squat)","Front Squat (Barbell)",1,145.0,3,0,0,"",,
2020-05-07 15:37:26,"Reload (Squat)","Front Squat (Barbell)",2,145.0,3,0,0,,,
2020-05-07 15:37:26,"Reload (Squat)","Pull Up",1,45.0,3,0,0,"",,
2020-05-07 15:37:26,"Reload (Squat)","Pull Up",2,45.0,3,0,0,,,
2020-05-08 15:20:56,"Reload (Overhead Press)","Overhead Press (Barbell)",1,44.99999997795377,5,0,0,"","",
2020-05-08 15:20:56,"Reload (Overhead Press)","Overhead Press (Barbell)",2,70.0,5,0,0,,,
2020-05-08 15:20:56,"Reload (Overhead Press)","Overhead Press (Barbell)",3,90.0,3,0,0,,,
2020-05-08 15:20:56,"Reload (Overhead Press)","Overhead Press (Barbell)",4,110.0,2,0,0,,,
2020-05-08 15:20:56,"Reload (Overhead Press)","Overhead Press (Barbell)",5,110.0,2,0,0,,,
2020-05-08 15:20:56,"Reload (Overhead Press)","Deadlift (Barbell)",1,205.0,5,0,0,"",,
2020-05-08 15:20:56,"Reload (Overhead Press)","Deadlift (Barbell)",2,205.0,5,0,0,,,
2020-05-08 15:20:56,"Reload (Overhead Press)","Deadlift (Barbell)",3,205.0,5,0,0,,,
2020-05-08 15:20:56,"Reload (Overhead Press)","Deadlift (Barbell)",4,205.0,5,0,0,,,
2020-05-08 15:20:56,"Reload (Overhead Press)","Deadlift (Barbell)",5,205.0,5,0,0,,,
2020-05-08 15:20:56,"Reload (Overhead Press)","Seated Overhead Press (Dumbbell)",1,120.0,3,0,0,"",,
2020-05-08 15:20:56,"Reload (Overhead Press)","Seated Overhead Press (Dumbbell)",2,120.0,3,0,0,,,
2020-05-08 15:20:56,"Reload (Overhead Press)","Ab Wheel",1,0,10,0,0,"",,
2020-05-08 15:20:56,"Reload (Overhead Press)","Ab Wheel",2,0,10,0,0,,,
2020-05-08 15:20:56,"Reload (Overhead Press)","Ab Wheel",3,0,10,0,0,,,
2020-05-08 15:20:56,"Reload (Overhead Press)","Ab Wheel",4,0,10,0,0,,,
2020-05-08 15:20:56,"Reload (Overhead Press)","Ab Wheel",5,0,10,0,0,,,
2020-05-11 15:19:39,"Reload (Deadlift)","Deadlift (Barbell)",1,160.0,5,0,0,"","1 RM DL PR @ 315lb",
2020-05-11 15:19:39,"Reload (Deadlift)","Deadlift (Barbell)",2,190.0,3,0,0,,,
2020-05-11 15:19:39,"Reload (Deadlift)","Deadlift (Barbell)",3,225.0,2,0,0,,,
2020-05-11 15:19:39,"Reload (Deadlift)","Deadlift (Barbell)",4,255.0,1,0,0,,,
2020-05-11 15:19:39,"Reload (Deadlift)","Deadlift (Barbell)",5,285.0,1,0,0,,,
2020-05-11 15:19:39,"Reload (Deadlift)","Deadlift (Barbell)",6,330.0,1,0,0,,,
2020-05-11 15:19:39,"Reload (Deadlift)","Bench Press (Barbell)",1,155.0,5,0,0,"",,
2020-05-11 15:19:39,"Reload (Deadlift)","Bench Press (Barbell)",2,155.0,5,0,0,,,
2020-05-11 15:19:39,"Reload (Deadlift)","Bench Press (Barbell)",3,155.0,5,0,0,,,
2020-05-12 15:28:52,"Reload (Bench Press)","Bench Press (Barbell)",1,120.0,5,0,0,"","",
2020-05-12 15:28:52,"Reload (Bench Press)","Bench Press (Barbell)",2,140.0,3,0,0,,,
2020-05-12 15:28:52,"Reload (Bench Press)","Bench Press (Barbell)",3,165.0,2,0,0,,,
2020-05-12 15:28:52,"Reload (Bench Press)","Bench Press (Barbell)",4,185.00000000000003,1,0,0,,,
2020-05-12 15:28:52,"Reload (Bench Press)","Bench Press (Barbell)",5,210.0,1,0,0,,,
2020-05-12 15:28:52,"Reload (Bench Press)","Bench Press (Barbell)",6,245.00000000000003,1,0,0,,,
2020-05-12 15:28:52,"Reload (Bench Press)","Squat (Barbell)",1,140.0,5,0,0,"",,
2020-05-12 15:28:52,"Reload (Bench Press)","Squat (Barbell)",2,140.0,5,0,0,,,
2020-05-12 15:28:52,"Reload (Bench Press)","Squat (Barbell)",3,140.0,5,0,0,,,
2020-05-12 15:28:52,"Reload (Bench Press)","Cable Crunch",1,100.0,5,0,0,"3-5@4-7RM",,
2020-05-12 15:28:52,"Reload (Bench Press)","Cable Crunch",2,100.0,5,0,0,,,
2020-05-12 15:28:52,"Reload (Bench Press)","Cable Crunch",3,100.0,5,0,0,,,
2020-05-14 15:51:52,"Reload (Squat)","Squat (Barbell)",1,105.0,5,0,0,"","",
2020-05-14 15:51:52,"Reload (Squat)","Squat (Barbell)",2,125.0,3,0,0,,,
2020-05-14 15:51:52,"Reload (Squat)","Squat (Barbell)",3,145.0,2,0,0,,,
2020-05-14 15:51:52,"Reload (Squat)","Squat (Barbell)",4,165.0,1,0,0,,,
2020-05-14 15:51:52,"Reload (Squat)","Squat (Barbell)",5,185.00000000000003,1,0,0,,,
2020-05-14 15:51:52,"Reload (Squat)","Squat (Barbell)",6,215.0,1,0,0,,,
2020-05-14 15:51:52,"Reload (Squat)","Squat (Barbell)",7,225.0,1,0,0,,,
2020-05-14 15:51:52,"Reload (Squat)","Squat (Barbell)",8,245.00000000000003,1,0,0,,,
2020-05-14 15:51:52,"Reload (Squat)","Overhead Press (Barbell)",1,70.0,5,0,0,"",,
2020-05-14 15:51:52,"Reload (Squat)","Overhead Press (Barbell)",2,70.0,5,0,0,,,
2020-05-14 15:51:52,"Reload (Squat)","Overhead Press (Barbell)",3,70.0,5,0,0,,,
2020-05-15 15:58:59,"Reload (Overhead Press)","Overhead Press (Barbell)",1,55.0,5,0,0,"","",
2020-05-15 15:58:59,"Reload (Overhead Press)","Overhead Press (Barbell)",2,65.0,3,0,0,,,
2020-05-15 15:58:59,"Reload (Overhead Press)","Overhead Press (Barbell)",3,80.0,2,0,0,,,
2020-05-15 15:58:59,"Reload (Overhead Press)","Overhead Press (Barbell)",4,90.0,1,0,0,,,
2020-05-15 15:58:59,"Reload (Overhead Press)","Overhead Press (Barbell)",5,100.0,1,0,0,,,
2020-05-15 15:58:59,"Reload (Overhead Press)","Overhead Press (Barbell)",6,115.0,1,0,0,,,
2020-05-15 15:58:59,"Reload (Overhead Press)","Overhead Press (Barbell)",7,120.0,1,0,0,,,
2020-05-15 15:58:59,"Reload (Overhead Press)","Deadlift (Barbell)",1,205.0,5,0,0,"",,
2020-05-15 15:58:59,"Reload (Overhead Press)","Deadlift (Barbell)",2,205.0,5,0,0,,,
2020-05-15 15:58:59,"Reload (Overhead Press)","Deadlift (Barbell)",3,205.0,5,0,0,,,
2020-05-15 15:58:59,"Reload (Overhead Press)","Ab Wheel",1,0,10,0,0,"",,
2020-05-15 15:58:59,"Reload (Overhead Press)","Ab Wheel",2,0,10,0,0,,,
2020-05-15 15:58:59,"Reload (Overhead Press)","Ab Wheel",3,0,10,0,0,,,
2020-05-18 15:11:51,"Reload (Deadlift)","Deadlift (Barbell)",1,135.0,3,0,0,"","",
2020-05-18 15:11:51,"Reload (Deadlift)","Deadlift (Barbell)",2,185.00000000000003,3,0,0,,,
2020-05-18 15:11:51,"Reload (Deadlift)","Deadlift (Barbell)",3,215.0,5,0,0,,,
2020-05-18 15:11:51,"Reload (Deadlift)","Deadlift (Barbell)",4,265.0,11,0,0,,,10
2020-05-18 15:11:51,"Reload (Deadlift)","Deadlift (Barbell)",5,215.0,5,0,0,,,
2020-05-18 15:11:51,"Reload (Deadlift)","Deadlift (Barbell)",6,215.0,5,0,0,,,
2020-05-18 15:11:51,"Reload (Deadlift)","Deadlift (Barbell)",7,215.0,5,0,0,,,
2020-05-19 15:43:25,"Reload (Bench Press)","Bench Press (Barbell)",1,95.0,5,0,0,"","",
2020-05-19 15:43:25,"Reload (Bench Press)","Bench Press (Barbell)",2,135.0,3,0,0,,,
2020-05-19 15:43:25,"Reload (Bench Press)","Bench Press (Barbell)",3,160.0,5,0,0,,,
2020-05-19 15:43:25,"Reload (Bench Press)","Bench Press (Barbell)",4,195.0,9,0,0,,,10
2020-05-21 15:34:25,"Reload (Squat)","Squat (Barbell)",1,95.0,5,0,0,"","",
2020-05-21 15:34:25,"Reload (Squat)","Squat (Barbell)",2,135.0,3,0,0,,,
2020-05-21 15:34:25,"Reload (Squat)","Squat (Barbell)",3,160.0,5,0,0,,,
2020-05-21 15:34:25,"Reload (Squat)","Squat (Barbell)",4,195.0,6,0,0,,,10
2020-05-22 17:40:44,"Reload (Overhead Press)","Overhead Press (Barbell)",1,50.00000000000001,5,0,0,"","",
2020-05-22 17:40:44,"Reload (Overhead Press)","Overhead Press (Barbell)",2,60.0,3,0,0,,,
2020-05-22 17:40:44,"Reload (Overhead Press)","Overhead Press (Barbell)",3,80.0,5,0,0,,,
2020-05-22 17:40:44,"Reload (Overhead Press)","Overhead Press (Barbell)",4,95.0,11,0,0,,,10
2020-05-25 14:40:27,"Reload (Deadlift)","Deadlift (Barbell)",1,95.0,5,0,0,"","",
2020-05-25 14:40:27,"Reload (Deadlift)","Deadlift (Barbell)",2,155.0,5,0,0,,,
2020-05-25 14:40:27,"Reload (Deadlift)","Deadlift (Barbell)",3,205.0,3,0,0,,,
2020-05-25 14:40:27,"Reload (Deadlift)","Deadlift (Barbell)",4,250.0,5,0,0,,,
2020-05-25 14:40:27,"Reload (Deadlift)","Deadlift (Barbell)",5,255.0,5,0,0,,,
2020-05-25 14:40:27,"Reload (Deadlift)","Deadlift (Barbell)",6,260.0,5,0,0,,,
2020-05-25 14:40:27,"Reload (Deadlift)","Deadlift (Barbell)",7,265.0,5,0,0,,,
2020-05-25 14:40:27,"Reload (Deadlift)","Deadlift (Barbell)",8,270.0,5,0,0,,,
2020-05-25 14:40:27,"Reload (Deadlift)","Deadlift (Barbell)",9,275.0,5,0,0,,,
2020-05-25 14:40:27,"Reload (Deadlift)","Deadlift (Barbell)",10,280.0,5,0,0,,,
2020-05-25 14:40:27,"Reload (Deadlift)","Deadlift (Barbell)",11,285.0,5,0,0,,,
2020-05-25 14:40:27,"Reload (Deadlift)","Deadlift (Barbell)",12,290.0,5,0,0,,,
2020-05-25 14:40:27,"Reload (Deadlift)","Deadlift (Barbell)",13,295.0,3,0,0,,,
2020-05-26 15:24:34,"Reload (Bench Press)","Bench Press (Barbell)",1,70.0,5,0,0,"","",
2020-05-26 15:24:34,"Reload (Bench Press)","Bench Press (Barbell)",2,100.00000000000001,5,0,0,,,
2020-05-26 15:24:34,"Reload (Bench Press)","Bench Press (Barbell)",3,140.0,3,0,0,,,
2020-05-26 15:24:34,"Reload (Bench Press)","Bench Press (Barbell)",4,170.0,5,0,0,,,
2020-05-26 15:24:34,"Reload (Bench Press)","Bench Press (Barbell)",5,175.0,5,0,0,,,
2020-05-26 15:24:34,"Reload (Bench Press)","Bench Press (Barbell)",6,180.0,5,0,0,,,
2020-05-26 15:24:34,"Reload (Bench Press)","Bench Press (Barbell)",7,185.00000000000003,5,0,0,,,
2020-05-26 15:24:34,"Reload (Bench Press)","Bench Press (Barbell)",8,190.0,5,0,0,,,
2020-05-26 15:24:34,"Reload (Bench Press)","Bench Press (Barbell)",9,195.0,5,0,0,,,
2020-05-26 15:24:34,"Reload (Bench Press)","Bench Press (Barbell)",10,200.0,5,0,0,,,
2020-05-26 15:24:34,"Reload (Bench Press)","Bench Press (Barbell)",11,205.0,5,0,0,,,
2020-05-26 15:24:34,"Reload (Bench Press)","Bench Press (Barbell)",12,210.0,5,0,0,,,
2020-05-28 15:38:58,"Reload (Squat)","Squat (Barbell)",1,55.0,5,0,0,"","",
2020-05-28 15:38:58,"Reload (Squat)","Squat (Barbell)",2,95.0,5,0,0,,,
2020-05-28 15:38:58,"Reload (Squat)","Squat (Barbell)",3,135.0,3,0,0,,,
2020-05-28 15:38:58,"Reload (Squat)","Squat (Barbell)",4,160.0,5,0,0,,,
2020-05-28 15:38:58,"Reload (Squat)","Squat (Barbell)",5,170.0,5,0,0,,,
2020-05-28 15:38:58,"Reload (Squat)","Squat (Barbell)",6,180.0,5,0,0,,,
2020-05-28 15:38:58,"Reload (Squat)","Squat (Barbell)",7,190.0,5,0,0,,,
2020-05-28 15:38:58,"Reload (Squat)","Squat (Barbell)",8,200.0,5,0,0,,,
2020-05-28 15:38:58,"Reload (Squat)","Squat (Barbell)",9,210.0,4,0,0,,,
2020-05-29 15:48:23,"Reload (Overhead Press)","Overhead Press (Barbell)",1,44.99999997795377,5,0,0,"","",
2020-05-29 15:48:23,"Reload (Overhead Press)","Overhead Press (Barbell)",2,50.00000000000001,5,0,0,,,
2020-05-29 15:48:23,"Reload (Overhead Press)","Overhead Press (Barbell)",3,70.0,3,0,0,,,
2020-05-29 15:48:23,"Reload (Overhead Press)","Overhead Press (Barbell)",4,85.0,5,0,0,,,
2020-05-29 15:48:23,"Reload (Overhead Press)","Overhead Press (Barbell)",5,90.0,5,0,0,,,
2020-05-29 15:48:23,"Reload (Overhead Press)","Overhead Press (Barbell)",6,95.0,5,0,0,,,
2020-05-29 15:48:23,"Reload (Overhead Press)","Overhead Press (Barbell)",7,100.0,5,0,0,,,
2020-05-29 15:48:23,"Reload (Overhead Press)","Overhead Press (Barbell)",8,105.0,5,0,0,,,
2020-05-29 15:48:23,"Reload (Overhead Press)","Overhead Press (Barbell)",9,110.0,5,0,0,,,
2020-05-29 15:48:23,"Reload (Overhead Press)","Overhead Press (Barbell)",10,115.0,2,0,0,,,
2020-06-01 16:11:38,"Reload (Deadlift)","Deadlift (Barbell)",1,110.0,5,0,0,"","",
2020-06-01 16:11:38,"Reload (Deadlift)","Deadlift (Barbell)",2,160.0,5,0,0,,,
2020-06-01 16:11:38,"Reload (Deadlift)","Deadlift (Barbell)",3,220.0,3,0,0,,,
2020-06-01 16:11:38,"Reload (Deadlift)","Deadlift (Barbell)",4,270.0,5,0,0,,,
2020-06-01 16:11:38,"Reload (Deadlift)","Deadlift (Barbell)",5,270.0,5,0,0,,,
2020-06-01 16:11:38,"Reload (Deadlift)","Deadlift (Barbell)",6,270.0,5,0,0,,,
2020-06-01 16:11:38,"Reload (Deadlift)","Deadlift (Barbell)",7,270.0,5,0,0,,,
2020-06-01 16:11:38,"Reload (Deadlift)","Deadlift (Barbell)",8,270.0,5,0,0,,,
2020-06-01 16:11:38,"Reload (Deadlift)","Bench Press (Barbell)",1,160.0,5,0,0,"",,
2020-06-01 16:11:38,"Reload (Deadlift)","Bench Press (Barbell)",2,160.0,5,0,0,,,
2020-06-01 16:11:38,"Reload (Deadlift)","Bench Press (Barbell)",3,160.0,5,0,0,,,
2020-06-01 16:11:38,"Reload (Deadlift)","Bench Press (Barbell)",4,160.0,5,0,0,,,
2020-06-01 16:11:38,"Reload (Deadlift)","Bench Press (Barbell)",5,160.0,5,0,0,,,
2020-06-01 16:11:38,"Reload (Deadlift)","Stiff Leg Deadlift (Barbell)",1,245.00000000000003,5,0,0,"",,
2020-06-01 16:11:38,"Reload (Deadlift)","Stiff Leg Deadlift (Barbell)",2,245.00000000000003,5,0,0,,,
2020-06-01 16:11:38,"Reload (Deadlift)","Bent Over Row (Barbell)",1,165.0,5,0,0,"",,
2020-06-01 16:11:38,"Reload (Deadlift)","Bent Over Row (Barbell)",2,165.0,5,0,0,,,
2020-06-02 15:19:48,"Reload (Bench Press)","Bench Press (Barbell)",1,80.0,5,0,0,"","",
2020-06-02 15:19:48,"Reload (Bench Press)","Bench Press (Barbell)",2,110.0,5,0,0,,,
2020-06-02 15:19:48,"Reload (Bench Press)","Bench Press (Barbell)",3,150.00000000000003,3,0,0,,,
2020-06-02 15:19:48,"Reload (Bench Press)","Bench Press (Barbell)",4,190.0,5,0,0,,,
2020-06-02 15:19:48,"Reload (Bench Press)","Bench Press (Barbell)",5,190.0,5,0,0,,,
2020-06-02 15:19:48,"Reload (Bench Press)","Bench Press (Barbell)",6,190.0,5,0,0,,,
2020-06-02 15:19:48,"Reload (Bench Press)","Bench Press (Barbell)",7,190.0,5,0,0,,,
2020-06-02 15:19:48,"Reload (Bench Press)","Bench Press (Barbell)",8,190.0,5,0,0,,,
2020-06-02 15:19:48,"Reload (Bench Press)","Squat (Barbell)",1,160.0,5,0,0,"",,
2020-06-02 15:19:48,"Reload (Bench Press)","Squat (Barbell)",2,160.0,5,0,0,,,
2020-06-02 15:19:48,"Reload (Bench Press)","Squat (Barbell)",3,160.0,5,0,0,,,
2020-06-02 15:19:48,"Reload (Bench Press)","Squat (Barbell)",4,160.0,5,0,0,,,
2020-06-02 15:19:48,"Reload (Bench Press)","Squat (Barbell)",5,160.0,5,0,0,,,
2020-06-02 15:19:48,"Reload (Bench Press)","Incline Bench Press (Barbell)",1,165.0,5,0,0,"",,
2020-06-02 15:19:48,"Reload (Bench Press)","Incline Bench Press (Barbell)",2,165.0,5,0,0,,,
2020-06-02 15:19:48,"Reload (Bench Press)","Cable Crunch",1,105.0,5,0,0,"3-5@4-7RM",,
2020-06-02 15:19:48,"Reload (Bench Press)","Cable Crunch",2,105.0,5,0,0,,,
2020-06-02 15:19:48,"Reload (Bench Press)","Cable Crunch",3,105.0,5,0,0,,,
2020-06-04 15:40:29,"Reload (Squat)","Squat (Barbell)",1,60.0,5,0,0,"","",
2020-06-04 15:40:29,"Reload (Squat)","Squat (Barbell)",2,100.00000000000001,5,0,0,,,
2020-06-04 15:40:29,"Reload (Squat)","Squat (Barbell)",3,130.0,3,0,0,,,
2020-06-04 15:40:29,"Reload (Squat)","Squat (Barbell)",4,160.0,5,0,0,,,
2020-06-04 15:40:29,"Reload (Squat)","Squat (Barbell)",5,160.0,5,0,0,,,
2020-06-04 15:40:29,"Reload (Squat)","Squat (Barbell)",6,160.0,5,0,0,,,
2020-06-04 15:40:29,"Reload (Squat)","Squat (Barbell)",7,160.0,5,0,0,,,
2020-06-04 15:40:29,"Reload (Squat)","Squat (Barbell)",8,160.0,5,0,0,,,
2020-06-04 15:40:29,"Reload (Squat)","Overhead Press (Barbell)",1,80.0,5,0,0,"",,
2020-06-04 15:40:29,"Reload (Squat)","Overhead Press (Barbell)",2,80.0,5,0,0,,,
2020-06-04 15:40:29,"Reload (Squat)","Overhead Press (Barbell)",3,80.0,5,0,0,,,
2020-06-04 15:40:29,"Reload (Squat)","Overhead Press (Barbell)",4,80.0,5,0,0,,,
2020-06-04 15:40:29,"Reload (Squat)","Overhead Press (Barbell)",5,80.0,5,0,0,,,
2020-06-04 15:40:29,"Reload (Squat)","Front Squat (Barbell)",1,135.0,5,0,0,"",,
2020-06-04 15:40:29,"Reload (Squat)","Front Squat (Barbell)",2,135.0,5,0,0,,,
2020-06-04 15:40:29,"Reload (Squat)","Pull Up",1,35.0,5,0,0,"",,
2020-06-04 15:40:29,"Reload (Squat)","Pull Up",2,35.0,5,0,0,,,
2020-06-05 15:42:58,"Reload (Overhead Press)","Overhead Press (Barbell)",1,44.99999997795377,5,0,0,"","",
2020-06-05 15:42:58,"Reload (Overhead Press)","Overhead Press (Barbell)",2,50.00000000000001,5,0,0,,,
2020-06-05 15:42:58,"Reload (Overhead Press)","Overhead Press (Barbell)",3,70.0,3,0,0,,,
2020-06-05 15:42:58,"Reload (Overhead Press)","Overhead Press (Barbell)",4,90.0,5,0,0,,,
2020-06-05 15:42:58,"Reload (Overhead Press)","Overhead Press (Barbell)",5,90.0,5,0,0,,,
2020-06-05 15:42:58,"Reload (Overhead Press)","Overhead Press (Barbell)",6,90.0,5,0,0,,,
2020-06-05 15:42:58,"Reload (Overhead Press)","Overhead Press (Barbell)",7,90.0,5,0,0,,,
2020-06-05 15:42:58,"Reload (Overhead Press)","Overhead Press (Barbell)",8,90.0,5,0,0,,,
2020-06-05 15:42:58,"Reload (Overhead Press)","Deadlift (Barbell)",1,215.0,5,0,0,"",,
2020-06-05 15:42:58,"Reload (Overhead Press)","Deadlift (Barbell)",2,215.0,5,0,0,,,
2020-06-05 15:42:58,"Reload (Overhead Press)","Deadlift (Barbell)",3,215.0,5,0,0,,,
2020-06-05 15:42:58,"Reload (Overhead Press)","Deadlift (Barbell)",4,215.0,5,0,0,,,
2020-06-05 15:42:58,"Reload (Overhead Press)","Deadlift (Barbell)",5,215.0,5,0,0,,,
2020-06-05 15:42:58,"Reload (Overhead Press)","Seated Overhead Press (Dumbbell)",1,105.0,5,0,0,"",,
2020-06-05 15:42:58,"Reload (Overhead Press)","Seated Overhead Press (Dumbbell)",2,105.0,5,0,0,,,
2020-06-05 15:42:58,"Reload (Overhead Press)","Ab Wheel",1,25.0,5,0,0,"",,
2020-06-05 15:42:58,"Reload (Overhead Press)","Ab Wheel",2,25.0,5,0,0,,,
2020-06-05 15:42:58,"Reload (Overhead Press)","Ab Wheel",3,25.0,5,0,0,,,
2020-06-08 15:55:23,"Reload (Deadlift)","Deadlift (Barbell)",1,110.0,5,0,0,"","",
2020-06-08 15:55:23,"Reload (Deadlift)","Deadlift (Barbell)",2,160.0,5,0,0,,,
2020-06-08 15:55:23,"Reload (Deadlift)","Deadlift (Barbell)",3,220.0,3,0,0,,,
2020-06-08 15:55:23,"Reload (Deadlift)","Deadlift (Barbell)",4,275.0,5,0,0,,,
2020-06-08 15:55:23,"Reload (Deadlift)","Deadlift (Barbell)",5,275.0,5,0,0,,,
2020-06-08 15:55:23,"Reload (Deadlift)","Deadlift (Barbell)",6,275.0,5,0,0,,,
2020-06-08 15:55:23,"Reload (Deadlift)","Deadlift (Barbell)",7,275.0,5,0,0,,,
2020-06-08 15:55:23,"Reload (Deadlift)","Deadlift (Barbell)",8,275.0,5,0,0,,,
2020-06-08 15:55:23,"Reload (Deadlift)","Bench Press (Barbell)",1,160.0,5,0,0,"",,
2020-06-08 15:55:23,"Reload (Deadlift)","Bench Press (Barbell)",2,160.0,5,0,0,,,
2020-06-08 15:55:23,"Reload (Deadlift)","Bench Press (Barbell)",3,160.0,5,0,0,,,
2020-06-08 15:55:23,"Reload (Deadlift)","Bench Press (Barbell)",4,160.0,5,0,0,,,
2020-06-08 15:55:23,"Reload (Deadlift)","Bench Press (Barbell)",5,160.0,5,0,0,,,
2020-06-08 15:55:23,"Reload (Deadlift)","Stiff Leg Deadlift (Barbell)",1,245.00000000000003,6,0,0,"",,
2020-06-08 15:55:23,"Reload (Deadlift)","Stiff Leg Deadlift (Barbell)",2,245.00000000000003,6,0,0,,,
2020-06-08 15:55:23,"Reload (Deadlift)","Bent Over Row (Barbell)",1,165.0,6,0,0,"",,
2020-06-08 15:55:23,"Reload (Deadlift)","Bent Over Row (Barbell)",2,165.0,6,0,0,,,
2020-06-09 15:56:12,"Reload (Bench Press)","Bench Press (Barbell)",1,80.0,5,0,0,"","",
2020-06-09 15:56:12,"Reload (Bench Press)","Bench Press (Barbell)",2,120.0,5,0,0,,,
2020-06-09 15:56:12,"Reload (Bench Press)","Bench Press (Barbell)",3,160.0,3,0,0,,,
2020-06-09 15:56:12,"Reload (Bench Press)","Bench Press (Barbell)",4,195.0,5,0,0,,,
2020-06-09 15:56:12,"Reload (Bench Press)","Bench Press (Barbell)",5,195.0,5,0,0,,,
2020-06-09 15:56:12,"Reload (Bench Press)","Bench Press (Barbell)",6,195.0,5,0,0,,,
2020-06-09 15:56:12,"Reload (Bench Press)","Bench Press (Barbell)",7,195.0,5,0,0,,,
2020-06-09 15:56:12,"Reload (Bench Press)","Bench Press (Barbell)",8,195.0,5,0,0,,,
2020-06-09 15:56:12,"Reload (Bench Press)","Squat (Barbell)",1,160.0,5,0,0,"",,
2020-06-09 15:56:12,"Reload (Bench Press)","Squat (Barbell)",2,160.0,5,0,0,,,
2020-06-09 15:56:12,"Reload (Bench Press)","Squat (Barbell)",3,160.0,5,0,0,,,
2020-06-09 15:56:12,"Reload (Bench Press)","Squat (Barbell)",4,160.0,5,0,0,,,
2020-06-09 15:56:12,"Reload (Bench Press)","Squat (Barbell)",5,160.0,5,0,0,,,
2020-06-09 15:56:12,"Reload (Bench Press)","Incline Bench Press (Barbell)",1,165.0,6,0,0,"",,
2020-06-09 15:56:12,"Reload (Bench Press)","Incline Bench Press (Barbell)",2,165.0,6,0,0,,,
2020-06-09 15:56:12,"Reload (Bench Press)","Cable Crunch",1,105.0,5,0,0,"3-5@4-7RM",,
2020-06-09 15:56:12,"Reload (Bench Press)","Cable Crunch",2,105.0,5,0,0,,,
2020-06-09 15:56:12,"Reload (Bench Press)","Cable Crunch",3,105.0,5,0,0,,,
2020-06-11 15:23:32,"Reload (Squat)","Squat (Barbell)",1,70.0,5,0,0,"","",
2020-06-11 15:23:32,"Reload (Squat)","Squat (Barbell)",2,100.00000000000001,5,0,0,,,
2020-06-11 15:23:32,"Reload (Squat)","Squat (Barbell)",3,140.0,3,0,0,,,
2020-06-11 15:23:32,"Reload (Squat)","Squat (Barbell)",4,170.0,5,0,0,,,
2020-06-11 15:23:32,"Reload (Squat)","Squat (Barbell)",5,170.0,5,0,0,,,
2020-06-11 15:23:32,"Reload (Squat)","Squat (Barbell)",6,170.0,5,0,0,,,
2020-06-11 15:23:32,"Reload (Squat)","Squat (Barbell)",7,170.0,5,0,0,,,
2020-06-11 15:23:32,"Reload (Squat)","Squat (Barbell)",8,170.0,5,0,0,,,
2020-06-11 15:23:32,"Reload (Squat)","Overhead Press (Barbell)",1,80.0,5,0,0,"",,
2020-06-11 15:23:32,"Reload (Squat)","Overhead Press (Barbell)",2,80.0,5,0,0,,,
2020-06-11 15:23:32,"Reload (Squat)","Overhead Press (Barbell)",3,80.0,5,0,0,,,
2020-06-11 15:23:32,"Reload (Squat)","Overhead Press (Barbell)",4,80.0,5,0,0,,,
2020-06-11 15:23:32,"Reload (Squat)","Overhead Press (Barbell)",5,80.0,5,0,0,,,
2020-06-11 15:23:32,"Reload (Squat)","Front Squat (Barbell)",1,135.0,6,0,0,"",,
2020-06-11 15:23:32,"Reload (Squat)","Front Squat (Barbell)",2,135.0,6,0,0,,,
2020-06-11 15:23:32,"Reload (Squat)","Pull Up",1,35.0,6,0,0,"",,
2020-06-11 15:23:32,"Reload (Squat)","Pull Up",2,35.0,6,0,0,,,
